
> monolith-engine@0.1.0 dev
> npm run accounting:schema:preflight && next dev --turbopack -p 3000


> monolith-engine@0.1.0 accounting:schema:preflight
> tsx scripts/deploy-accounting-schema.ts --verify-only


> monolith-engine@0.1.0 db:generate
> prisma generate


✔ Generated Prisma Client (7.8.0) to .\src\generated\prisma in 2.63s

Loaded Prisma config from prisma.config.ts.

Prisma schema loaded from prisma\schema.prisma.
The schema at prisma\schema.prisma is valid 🚀
Loaded Prisma config from prisma.config.ts.

Prisma schema loaded from prisma\schema.prisma.
Datasource "db": PostgreSQL database "neondb", schema "public" at "ep-lucky-paper-ao7k5ek6-pooler.c-2.ap-southeast-1.aws.neon.tech"

71 migrations found in prisma/migrations

Database schema is up to date!
Loaded Prisma config from prisma.config.ts.

Prisma schema loaded from prisma\schema.prisma.

> monolith-engine@0.1.0 accounting:schema:verify
> tsx scripts/verify-accounting-database-schema.ts

{
  "checkedForeignKeys": 601,
  "checkedIndexes": 1100,
  "checkedMigrations": 24,
  "checkedModels": 70,
  "failureCount": 0,
  "ok": true,
  "target": {
    "database": "neondb",
    "host": "ep-lucky-paper-ao7k5ek6-pooler.c-2.ap-southeast-1.aws.neon.tech",
    "port": "default",
    "sslmode": "verify-full"
  }
}
▲ Next.js 16.2.6 (Turbopack)
- Local:         http://localhost:3000
- Network:       http://192.168.1.23:3000
- Environments: .env
✓ Ready in 608ms
Creating turbopack project {
  dir: 'C:\\Users\\SilverCloud\\Documents\\Adarsh-Shipping-and-Services-Management-Software',
  testMode: true
}
- Experiments (use with caution):
  · optimizePackageImports
  · serverActions

 GET /login 200 in 110ms (next.js: 46ms, proxy.ts: 5ms, application-code: 60ms)
 GET /accounting/items 200 in 2.4s (next.js: 438ms, proxy.ts: 137ms, application-code: 1843ms)
 GET /api/runtime/updates 200 in 409ms (next.js: 204ms, proxy.ts: 5ms, application-code: 200ms)
 GET /accounting/items/new 200 in 274ms (next.js: 58ms, proxy.ts: 5ms, application-code: 211ms)
 GET /api/runtime/updates 304 in 665ms (next.js: 4ms, proxy.ts: 5ms, application-code: 656ms)
 GET /api/runtime/updates 304 in 692ms (next.js: 4ms, proxy.ts: 4ms, application-code: 684ms)
 GET /accounting/items 200 in 28ms (next.js: 6ms, proxy.ts: 4ms, application-code: 17ms)
 GET /crm/customers 200 in 87ms (next.js: 54ms, proxy.ts: 4ms, application-code: 29ms)
 GET /cha/customers 200 in 872ms (next.js: 44ms, proxy.ts: 4ms, application-code: 823ms)
 GET /cha/customers 200 in 783ms (next.js: 9ms, proxy.ts: 10ms, application-code: 764ms)
 GET /cha/customers/new 200 in 294ms (next.js: 48ms, proxy.ts: 4ms, application-code: 242ms)
 GET /api/runtime/updates 304 in 757ms (next.js: 4ms, proxy.ts: 4ms, application-code: 750ms)
 GET /api/runtime/updates 304 in 955ms (next.js: 4ms, proxy.ts: 4ms, application-code: 947ms)
 GET /api/runtime/updates 304 in 712ms (next.js: 4ms, proxy.ts: 5ms, application-code: 703ms)
 GET /api/runtime/updates 304 in 166ms (next.js: 4ms, proxy.ts: 4ms, application-code: 158ms)
 GET /api/runtime/updates 304 in 773ms (next.js: 6ms, proxy.ts: 4ms, application-code: 763ms)
 GET /api/runtime/updates 304 in 776ms (next.js: 3ms, proxy.ts: 3ms, application-code: 770ms)
 GET /api/runtime/updates 304 in 641ms (next.js: 4ms, proxy.ts: 4ms, application-code: 633ms)
 GET /api/runtime/updates 304 in 141ms (next.js: 4ms, proxy.ts: 4ms, application-code: 134ms)
 GET /api/runtime/updates 304 in 153ms (next.js: 4ms, proxy.ts: 3ms, application-code: 145ms)
 GET /api/runtime/updates 304 in 785ms (next.js: 4ms, proxy.ts: 5ms, application-code: 776ms)
 GET /api/runtime/updates 304 in 731ms (next.js: 4ms, proxy.ts: 5ms, application-code: 723ms)
 GET /api/runtime/updates 304 in 772ms (next.js: 5ms, proxy.ts: 3ms, application-code: 763ms)
 GET /api/runtime/updates 304 in 661ms (next.js: 4ms, proxy.ts: 3ms, application-code: 654ms)
 GET /api/runtime/updates 304 in 858ms (next.js: 6ms, proxy.ts: 5ms, application-code: 847ms)
 GET /api/runtime/updates 304 in 160ms (next.js: 5ms, proxy.ts: 6ms, application-code: 149ms)
 GET /api/runtime/updates 304 in 688ms (next.js: 4ms, proxy.ts: 4ms, application-code: 680ms)
 GET /api/runtime/updates 304 in 786ms (next.js: 7ms, proxy.ts: 5ms, application-code: 774ms)
 GET /api/runtime/updates 304 in 796ms (next.js: 3ms, proxy.ts: 5ms, application-code: 787ms)
 POST /cha/customers/new 200 in 432ms (next.js: 11ms, proxy.ts: 3ms, application-code: 418ms)
  └─ ƒ createAccountAction({}) in 236ms src/modules/crm/actions.ts
 GET /cha/customers 200 in 616ms (next.js: 7ms, proxy.ts: 4ms, application-code: 605ms)
✓ Compiled in 922ms
 GET /cha/customers 200 in 701ms (next.js: 12ms, proxy.ts: 9ms, application-code: 679ms)
 GET /cha/customers 200 in 740ms (next.js: 19ms, proxy.ts: 12ms, application-code: 709ms)
 GET /cha/customers 200 in 742ms (next.js: 76ms, proxy.ts: 13ms, application-code: 654ms)
 GET /cha/customers 200 in 956ms (next.js: 50ms, proxy.ts: 13ms, application-code: 894ms)
 GET /cha/customers 200 in 2.2s (next.js: 837ms, proxy.ts: 199ms, application-code: 1185ms)
 GET /cha/customers 200 in 963ms (next.js: 103ms, proxy.ts: 13ms, application-code: 847ms)
 GET /cha/customers 200 in 522ms (next.js: 31ms, proxy.ts: 4ms, application-code: 488ms)
 GET /cha/customers 200 in 515ms (next.js: 32ms, proxy.ts: 40ms, application-code: 443ms)
 GET /cha/customers 200 in 658ms (next.js: 91ms, proxy.ts: 47ms, application-code: 520ms)
 GET /cha/customers 200 in 532ms (next.js: 13ms, proxy.ts: 9ms, application-code: 510ms)
 GET /cha/customers 200 in 619ms (next.js: 78ms, proxy.ts: 11ms, application-code: 530ms)
 GET /cha/customers 200 in 718ms (next.js: 59ms, proxy.ts: 64ms, application-code: 595ms)
 GET /cha/customers 200 in 529ms (next.js: 7ms, proxy.ts: 5ms, application-code: 517ms)
 GET /cha/customers 200 in 658ms (next.js: 21ms, proxy.ts: 18ms, application-code: 619ms)
 GET /cha/customers 200 in 503ms (next.js: 7ms, proxy.ts: 4ms, application-code: 491ms)
 GET /cha/customers 200 in 559ms (next.js: 7ms, proxy.ts: 4ms, application-code: 548ms)
 GET /cha/customers 200 in 589ms (next.js: 17ms, proxy.ts: 13ms, application-code: 558ms)
 GET /cha/customers 200 in 476ms (next.js: 23ms, proxy.ts: 33ms, application-code: 420ms)
 GET /cha/customers 200 in 517ms (next.js: 8ms, proxy.ts: 4ms, application-code: 506ms)
 GET /cha/customers 200 in 465ms (next.js: 8ms, proxy.ts: 6ms, application-code: 451ms)
 GET /cha/customers 200 in 463ms (next.js: 13ms, proxy.ts: 37ms, application-code: 413ms)
 GET /cha/customers 200 in 475ms (next.js: 26ms, proxy.ts: 4ms, application-code: 445ms)
 GET /cha/customers 200 in 373ms (next.js: 17ms, proxy.ts: 33ms, application-code: 323ms)
 GET /cha/customers 200 in 500ms (next.js: 12ms, proxy.ts: 7ms, application-code: 480ms)
 GET /cha/customers 200 in 535ms (next.js: 44ms, proxy.ts: 33ms, application-code: 457ms)
 GET /cha/customers 200 in 424ms (next.js: 7ms, proxy.ts: 5ms, application-code: 411ms)
 GET /cha/customers 200 in 463ms (next.js: 41ms, proxy.ts: 34ms, application-code: 387ms)
 GET /cha/customers 200 in 364ms (next.js: 17ms, proxy.ts: 5ms, application-code: 342ms)
 GET /cha/customers 200 in 323ms (next.js: 5ms, proxy.ts: 4ms, application-code: 314ms)
✓ Compiled in 529ms
 GET /cha/customers 200 in 1391ms (next.js: 663ms, proxy.ts: 55ms, application-code: 673ms)
 GET /cha/customers 200 in 662ms (next.js: 159ms, proxy.ts: 10ms, application-code: 493ms)
 GET /cha/customers 200 in 664ms (next.js: 12ms, proxy.ts: 11ms, application-code: 642ms)
 GET /cha/customers 200 in 821ms (next.js: 44ms, proxy.ts: 11ms, application-code: 766ms)
 GET /cha/customers 200 in 827ms (next.js: 79ms, proxy.ts: 11ms, application-code: 737ms)
 GET /cha/customers 200 in 1005ms (next.js: 9ms, proxy.ts: 5ms, application-code: 991ms)
 GET /cha/customers 200 in 390ms (next.js: 7ms, proxy.ts: 3ms, application-code: 380ms)
 GET /cha/customers 200 in 467ms (next.js: 8ms, proxy.ts: 34ms, application-code: 425ms)
 GET /cha/customers 200 in 457ms (next.js: 60ms, proxy.ts: 23ms, application-code: 373ms)
 GET /cha/customers 200 in 466ms (next.js: 9ms, proxy.ts: 4ms, application-code: 453ms)
 GET /cha/customers 200 in 472ms (next.js: 7ms, proxy.ts: 58ms, application-code: 406ms)
 GET /cha/customers 200 in 431ms (next.js: 21ms, proxy.ts: 9ms, application-code: 401ms)
 GET /cha/customers 200 in 538ms (next.js: 38ms, proxy.ts: 17ms, application-code: 484ms)
 GET /cha/customers 200 in 487ms (next.js: 7ms, proxy.ts: 4ms, application-code: 476ms)
 GET /cha/customers 200 in 492ms (next.js: 34ms, proxy.ts: 32ms, application-code: 426ms)
 GET /cha/customers 200 in 494ms (next.js: 7ms, proxy.ts: 5ms, application-code: 481ms)
 GET /cha/customers 200 in 494ms (next.js: 33ms, proxy.ts: 4ms, application-code: 457ms)
 GET /cha/customers 200 in 498ms (next.js: 7ms, proxy.ts: 3ms, application-code: 488ms)
 GET /cha/customers 200 in 459ms (next.js: 32ms, proxy.ts: 5ms, application-code: 422ms)
 GET /cha/customers 200 in 460ms (next.js: 17ms, proxy.ts: 16ms, application-code: 427ms)
 GET /cha/customers 200 in 440ms (next.js: 38ms, proxy.ts: 32ms, application-code: 370ms)
 GET /cha/customers 200 in 417ms (next.js: 8ms, proxy.ts: 4ms, application-code: 405ms)
 GET /cha/customers 200 in 417ms (next.js: 16ms, proxy.ts: 46ms, application-code: 355ms)
 GET /cha/customers 200 in 471ms (next.js: 15ms, proxy.ts: 5ms, application-code: 450ms)
 GET /cha/customers 200 in 466ms (next.js: 6ms, proxy.ts: 3ms, application-code: 457ms)
 GET /cha/customers 200 in 377ms (next.js: 7ms, proxy.ts: 6ms, application-code: 365ms)
 GET /cha/customers 200 in 433ms (next.js: 34ms, proxy.ts: 4ms, application-code: 394ms)
 GET /cha/customers 200 in 370ms (next.js: 9ms, proxy.ts: 6ms, application-code: 355ms)
 GET /cha/customers 200 in 443ms (next.js: 38ms, proxy.ts: 6ms, application-code: 400ms)
✓ Compiled in 528ms
 GET /cha/customers 200 in 1933ms (next.js: 1021ms, proxy.ts: 174ms, application-code: 739ms)
 GET /cha/customers 200 in 677ms (next.js: 93ms, proxy.ts: 33ms, application-code: 551ms)
 GET /cha/customers 200 in 829ms (next.js: 10ms, proxy.ts: 7ms, application-code: 813ms)
 GET /cha/customers 200 in 775ms (next.js: 66ms, proxy.ts: 33ms, application-code: 675ms)
 GET /cha/customers 200 in 927ms (next.js: 12ms, proxy.ts: 33ms, application-code: 881ms)
 GET /cha/customers 200 in 1029ms (next.js: 40ms, proxy.ts: 33ms, application-code: 955ms)
 GET /cha/customers 200 in 508ms (next.js: 6ms, proxy.ts: 5ms, application-code: 498ms)
 GET /cha/customers 200 in 514ms (next.js: 34ms, proxy.ts: 4ms, application-code: 476ms)
 GET /cha/customers 200 in 496ms (next.js: 8ms, proxy.ts: 6ms, application-code: 482ms)
 GET /cha/customers 200 in 644ms (next.js: 42ms, proxy.ts: 5ms, application-code: 598ms)
 GET /cha/customers 200 in 502ms (next.js: 6ms, proxy.ts: 3ms, application-code: 493ms)
 GET /cha/customers 200 in 526ms (next.js: 6ms, proxy.ts: 4ms, application-code: 516ms)
 GET /cha/customers 200 in 472ms (next.js: 17ms, proxy.ts: 5ms, application-code: 450ms)
 GET /cha/customers 200 in 486ms (next.js: 7ms, proxy.ts: 4ms, application-code: 475ms)
 GET /cha/customers 200 in 465ms (next.js: 21ms, proxy.ts: 15ms, application-code: 429ms)
 GET /cha/customers 200 in 434ms (next.js: 9ms, proxy.ts: 5ms, application-code: 420ms)
 GET /cha/customers 200 in 504ms (next.js: 8ms, proxy.ts: 35ms, application-code: 461ms)
 GET /cha/customers 200 in 450ms (next.js: 6ms, proxy.ts: 4ms, application-code: 441ms)
 GET /cha/customers 200 in 489ms (next.js: 9ms, proxy.ts: 5ms, application-code: 475ms)
 GET /cha/customers 200 in 492ms (next.js: 6ms, proxy.ts: 3ms, application-code: 483ms)
 GET /cha/customers 200 in 426ms (next.js: 7ms, proxy.ts: 3ms, application-code: 416ms)
 GET /cha/customers 200 in 456ms (next.js: 6ms, proxy.ts: 3ms, application-code: 447ms)
 GET /cha/customers 200 in 383ms (next.js: 7ms, proxy.ts: 4ms, application-code: 373ms)
 GET /cha/customers 200 in 508ms (next.js: 30ms, proxy.ts: 3ms, application-code: 475ms)
 GET /cha/customers 200 in 464ms (next.js: 16ms, proxy.ts: 5ms, application-code: 444ms)
 GET /cha/customers 200 in 406ms (next.js: 7ms, proxy.ts: 4ms, application-code: 395ms)
 GET /cha/customers 200 in 426ms (next.js: 18ms, proxy.ts: 55ms, application-code: 354ms)
 GET /cha/customers 200 in 411ms (next.js: 14ms, proxy.ts: 5ms, application-code: 391ms)
 GET /cha/customers 200 in 481ms (next.js: 45ms, proxy.ts: 46ms, application-code: 390ms)
 GET /cha/customers 200 in 325ms (next.js: 5ms, proxy.ts: 5ms, application-code: 315ms)
✓ Compiled in 271ms
 GET /cha/customers 200 in 432ms (next.js: 165ms, proxy.ts: 32ms, application-code: 234ms)
 GET /cha/customers 200 in 208ms (next.js: 9ms, proxy.ts: 5ms, application-code: 194ms)
 GET /cha/customers 200 in 514ms (next.js: 10ms, proxy.ts: 6ms, application-code: 498ms)
 GET /cha/customers 200 in 1030ms (next.js: 161ms, proxy.ts: 40ms, application-code: 830ms)
 GET /api/runtime/updates 304 in 916ms (next.js: 241ms, proxy.ts: 4ms, application-code: 671ms)
○ Compiling /crm/vendors ...
 GET /crm/vendors 200 in 3.8s (next.js: 3.6s, proxy.ts: 4ms, application-code: 224ms)
✓ Compiled in 294ms
 GET /crm/vendors 200 in 654ms (next.js: 267ms, proxy.ts: 62ms, application-code: 325ms)
 GET /crm/vendors 200 in 547ms (next.js: 9ms, proxy.ts: 5ms, application-code: 533ms)
 GET /crm/vendors 200 in 560ms (next.js: 40ms, proxy.ts: 10ms, application-code: 510ms)
 GET /crm/vendors 200 in 570ms (next.js: 12ms, proxy.ts: 10ms, application-code: 549ms)
 GET /api/runtime/updates 304 in 324ms (next.js: 159ms, proxy.ts: 5ms, application-code: 160ms)
 GET /accounting/vendor-master 200 in 1788ms (next.js: 1039ms, proxy.ts: 3ms, application-code: 745ms)
 GET /accounting/vendor-master 200 in 807ms (next.js: 6ms, proxy.ts: 3ms, application-code: 799ms)
✓ Compiled in 399ms
 GET /accounting/vendor-master 200 in 442ms (next.js: 9ms, proxy.ts: 6ms, application-code: 428ms)
 GET /accounting/vendor-master 200 in 478ms (next.js: 125ms, proxy.ts: 15ms, application-code: 338ms)
 GET /accounting/vendor-master 200 in 520ms (next.js: 156ms, proxy.ts: 15ms, application-code: 349ms)
 GET /accounting/vendor-master 200 in 4.6s (next.js: 251ms, proxy.ts: 3.6s, application-code: 676ms)
 GET /accounting/vendor-master 200 in 237ms (next.js: 6ms, proxy.ts: 3ms, application-code: 228ms)
 GET /accounting/vendor-master 200 in 377ms (next.js: 6ms, proxy.ts: 4ms, application-code: 367ms)
 GET /accounting/vendor-master 200 in 306ms (next.js: 5ms, proxy.ts: 4ms, application-code: 297ms)
 GET /accounting/vendor-master 200 in 269ms (next.js: 6ms, proxy.ts: 2ms, application-code: 261ms)
 GET /accounting/vendor-master 200 in 929ms (next.js: 59ms, proxy.ts: 15ms, application-code: 855ms)
 GET /accounting/vendor-master 200 in 934ms (next.js: 19ms, proxy.ts: 14ms, application-code: 901ms)
 GET /accounting/vendor-master 200 in 326ms (next.js: 5ms, proxy.ts: 3ms, application-code: 318ms)
 GET /accounting/vendor-master 200 in 313ms (next.js: 7ms, proxy.ts: 4ms, application-code: 303ms)
 GET /accounting/vendor-master 200 in 294ms (next.js: 36ms, proxy.ts: 3ms, application-code: 255ms)
 GET /accounting/vendor-master 200 in 357ms (next.js: 7ms, proxy.ts: 6ms, application-code: 345ms)
 GET /accounting/vendor-master 200 in 355ms (next.js: 9ms, proxy.ts: 6ms, application-code: 341ms)
 GET /accounting/vendor-master 200 in 354ms (next.js: 48ms, proxy.ts: 6ms, application-code: 300ms)
 GET /accounting/vendor-master 200 in 278ms (next.js: 7ms, proxy.ts: 4ms, application-code: 267ms)
 GET /accounting/vendor-master 200 in 324ms (next.js: 6ms, proxy.ts: 4ms, application-code: 314ms)
 GET /accounting/vendor-master 200 in 317ms (next.js: 6ms, proxy.ts: 14ms, application-code: 297ms)
 GET /accounting/vendor-master 200 in 412ms (next.js: 9ms, proxy.ts: 3ms, application-code: 400ms)
 GET /accounting/vendor-master 200 in 292ms (next.js: 6ms, proxy.ts: 5ms, application-code: 281ms)
 GET /accounting/vendor-master 200 in 323ms (next.js: 36ms, proxy.ts: 3ms, application-code: 284ms)
 GET /accounting/vendor-master 200 in 325ms (next.js: 8ms, proxy.ts: 4ms, application-code: 313ms)
 GET /accounting/vendor-master 200 in 399ms (next.js: 30ms, proxy.ts: 3ms, application-code: 366ms)
 GET /accounting/vendor-master 200 in 315ms (next.js: 5ms, proxy.ts: 8ms, application-code: 302ms)
 GET /accounting/vendor-master 200 in 333ms (next.js: 5ms, proxy.ts: 3ms, application-code: 325ms)
 GET /accounting/vendor-master 200 in 301ms (next.js: 13ms, proxy.ts: 3ms, application-code: 285ms)
 GET /accounting/vendor-master 200 in 377ms (next.js: 5ms, proxy.ts: 3ms, application-code: 368ms)
 GET /accounting/vendor-master 200 in 273ms (next.js: 6ms, proxy.ts: 3ms, application-code: 263ms)
 GET /accounting/vendor-master 200 in 304ms (next.js: 6ms, proxy.ts: 3ms, application-code: 295ms)
 GET /accounting/vendor-master 200 in 312ms (next.js: 6ms, proxy.ts: 7ms, application-code: 300ms)
 GET /accounting/vendor-master 200 in 320ms (next.js: 6ms, proxy.ts: 4ms, application-code: 310ms)
 GET /accounting/vendor-master 200 in 286ms (next.js: 8ms, proxy.ts: 12ms, application-code: 266ms)
 GET /accounting/vendor-master 200 in 370ms (next.js: 5ms, proxy.ts: 8ms, application-code: 356ms)
 GET /accounting/vendor-master 200 in 317ms (next.js: 6ms, proxy.ts: 28ms, application-code: 283ms)
 GET /accounting/vendor-master 200 in 348ms (next.js: 7ms, proxy.ts: 4ms, application-code: 337ms)
 GET /accounting/vendor-master 200 in 243ms (next.js: 6ms, proxy.ts: 3ms, application-code: 234ms)
 GET /accounting/vendor-master 200 in 393ms (next.js: 6ms, proxy.ts: 4ms, application-code: 383ms)
 GET /accounting/vendor-master 200 in 334ms (next.js: 5ms, proxy.ts: 3ms, application-code: 326ms)
 GET /accounting/vendor-master 200 in 322ms (next.js: 28ms, proxy.ts: 4ms, application-code: 290ms)
 GET /accounting/vendor-master 200 in 224ms (next.js: 9ms, proxy.ts: 4ms, application-code: 212ms)
 GET /accounting/vendor-master 200 in 427ms (next.js: 8ms, proxy.ts: 4ms, application-code: 416ms)
 GET /accounting/vendor-master 200 in 288ms (next.js: 6ms, proxy.ts: 4ms, application-code: 278ms)
 GET /api/runtime/updates 304 in 994ms (next.js: 160ms, proxy.ts: 3ms, application-code: 832ms)
 GET /api/runtime/updates 304 in 659ms (next.js: 4ms, proxy.ts: 3ms, application-code: 652ms)
 GET /api/runtime/updates 304 in 162ms (next.js: 4ms, proxy.ts: 5ms, application-code: 153ms)
✓ Compiled in 511ms
 GET /cha/customers 200 in 657ms (next.js: 241ms, proxy.ts: 60ms, application-code: 355ms)
 GET /cha/customers 200 in 1788ms (next.js: 749ms, proxy.ts: 5ms, application-code: 1034ms)
 GET /cha/customers/new 200 in 427ms (next.js: 211ms, proxy.ts: 3ms, application-code: 213ms)
 GET /api/runtime/updates 304 in 831ms (next.js: 143ms, proxy.ts: 5ms, application-code: 682ms)
 GET /accounting/vendor-master 200 in 214ms (next.js: 28ms, proxy.ts: 4ms, application-code: 182ms)
 GET /accounting/vendor-master 200 in 178ms (next.js: 8ms, proxy.ts: 3ms, application-code: 167ms)
✓ Compiled in 241ms
 GET /accounting/vendor-master 200 in 588ms (next.js: 8ms, proxy.ts: 5ms, application-code: 575ms)
 GET /accounting/vendor-master 200 in 608ms (next.js: 81ms, proxy.ts: 9ms, application-code: 519ms)
 GET /accounting/vendor-master 200 in 613ms (next.js: 12ms, proxy.ts: 8ms, application-code: 593ms)
 GET /accounting/vendor-master 200 in 615ms (next.js: 38ms, proxy.ts: 8ms, application-code: 569ms)
 GET /accounting/vendor-master 200 in 1228ms (next.js: 191ms, proxy.ts: 242ms, application-code: 795ms)
 GET /accounting/vendor-master 200 in 711ms (next.js: 60ms, proxy.ts: 9ms, application-code: 642ms)
 GET /accounting/vendor-master 200 in 294ms (next.js: 11ms, proxy.ts: 3ms, application-code: 279ms)
 GET /accounting/vendor-master 200 in 274ms (next.js: 7ms, proxy.ts: 6ms, application-code: 261ms)
 GET /accounting/vendor-master 200 in 278ms (next.js: 32ms, proxy.ts: 4ms, application-code: 243ms)
 GET /accounting/vendor-master 200 in 408ms (next.js: 145ms, proxy.ts: 32ms, application-code: 231ms)
 GET /accounting/customer-receipts 200 in 523ms (next.js: 8ms, proxy.ts: 5ms, application-code: 511ms)
 GET /accounting/customer-receipts 200 in 543ms (next.js: 13ms, proxy.ts: 56ms, application-code: 474ms)
 GET /accounting/customer-receipts 200 in 1894ms (next.js: 1116ms, proxy.ts: 3ms, application-code: 775ms)
 GET /accounting/customer-receipts 200 in 619ms (next.js: 35ms, proxy.ts: 56ms, application-code: 527ms)
 GET /accounting/customer-receipts 200 in 681ms (next.js: 55ms, proxy.ts: 56ms, application-code: 570ms)
 GET /accounting/customer-receipts 200 in 834ms (next.js: 6ms, proxy.ts: 36ms, application-code: 792ms)
 GET /accounting/customer-receipts 200 in 349ms (next.js: 6ms, proxy.ts: 4ms, application-code: 339ms)
 GET /accounting/customer-receipts 200 in 282ms (next.js: 6ms, proxy.ts: 2ms, application-code: 273ms)
 GET /accounting/customer-receipts 200 in 275ms (next.js: 5ms, proxy.ts: 4ms, application-code: 267ms)
 GET /accounting/customer-receipts 200 in 289ms (next.js: 11ms, proxy.ts: 10ms, application-code: 268ms)
✓ Compiled in 259ms
 GET /accounting/customer-receipts 500 in 422ms (next.js: 208ms, proxy.ts: 36ms, application-code: 177ms)
 GET /accounting/customer-receipts 500 in 27ms (next.js: 13ms, proxy.ts: 4ms, application-code: 10ms)
 GET /accounting/customer-receipts 500 in 27ms (next.js: 13ms, proxy.ts: 4ms, application-code: 10ms)
 GET /accounting/customer-receipts 500 in 39ms (next.js: 25ms, proxy.ts: 3ms, application-code: 11ms)
 GET /accounting/vendor-master 500 in 74ms (next.js: 62ms, proxy.ts: 4ms, application-code: 9ms)
 GET /accounting/vendor-master 500 in 22ms (next.js: 11ms, proxy.ts: 4ms, application-code: 7ms)
 GET /accounting/vendor-master 500 in 21ms (next.js: 11ms, proxy.ts: 3ms, application-code: 7ms)
 GET /cha/customers/new 500 in 69ms (next.js: 56ms, proxy.ts: 4ms, application-code: 9ms)
✓ Compiled in 212ms
 GET /cha/customers/new 500 in 340ms (next.js: 321ms, proxy.ts: 4ms, application-code: 15ms)
 GET /cha/customers/new 500 in 48ms (next.js: 11ms, proxy.ts: 28ms, application-code: 9ms)
 GET /cha/customers/new 500 in 22ms (next.js: 11ms, proxy.ts: 4ms, application-code: 7ms)
 GET /cha/customers/new 500 in 22ms (next.js: 10ms, proxy.ts: 4ms, application-code: 8ms)
 GET /cha/customers/new 500 in 53ms (next.js: 12ms, proxy.ts: 32ms, application-code: 8ms)
 GET / 500 in 112ms (next.js: 97ms, proxy.ts: 4ms, application-code: 11ms)
 GET / 500 in 25ms (next.js: 11ms, proxy.ts: 5ms, application-code: 8ms)
 GET / 500 in 23ms (next.js: 12ms, proxy.ts: 3ms, application-code: 8ms)
 GET / 500 in 26ms (next.js: 11ms, proxy.ts: 5ms, application-code: 9ms)
 GET / 500 in 51ms (next.js: 10ms, proxy.ts: 34ms, application-code: 7ms)
✓ Compiled in 235ms
 GET / 500 in 99ms (next.js: 45ms, proxy.ts: 45ms, application-code: 9ms)
 GET / 500 in 23ms (next.js: 11ms, proxy.ts: 4ms, application-code: 7ms)
 GET / 500 in 30ms (next.js: 18ms, proxy.ts: 4ms, application-code: 8ms)
 GET /cha/customers/new 200 in 2.8s (next.js: 312ms, proxy.ts: 6ms, application-code: 2.5s)
✓ Compiled in 1678ms
 GET /cha/customers/new 200 in 623ms (next.js: 561ms, proxy.ts: 7ms, application-code: 54ms)
 GET /cha/customers/new 200 in 789ms (next.js: 9ms, proxy.ts: 36ms, application-code: 744ms)
 GET /cha/customers/new 200 in 465ms (next.js: 211ms, proxy.ts: 40ms, application-code: 214ms)
✓ Compiled in 671ms
 GET /cha/customers/new 200 in 885ms (next.js: 235ms, proxy.ts: 39ms, application-code: 611ms)
 GET /cha/customers/new 200 in 474ms (next.js: 79ms, proxy.ts: 11ms, application-code: 384ms)
 GET /cha/customers/new 200 in 611ms (next.js: 10ms, proxy.ts: 31ms, application-code: 570ms)
 GET /cha/customers/new 200 in 647ms (next.js: 57ms, proxy.ts: 11ms, application-code: 578ms)
 GET /cha/customers/new 200 in 654ms (next.js: 14ms, proxy.ts: 11ms, application-code: 630ms)
 GET /cha/customers/new 200 in 754ms (next.js: 36ms, proxy.ts: 11ms, application-code: 708ms)
 GET /cha/customers/new 200 in 301ms (next.js: 14ms, proxy.ts: 6ms, application-code: 281ms)
 GET /cha/customers/new 200 in 333ms (next.js: 26ms, proxy.ts: 7ms, application-code: 301ms)
 GET /cha/customers/new 200 in 284ms (next.js: 10ms, proxy.ts: 14ms, application-code: 260ms)
 GET /cha/customers/new 200 in 277ms (next.js: 9ms, proxy.ts: 5ms, application-code: 264ms)
 GET /cha/customers/new 200 in 272ms (next.js: 16ms, proxy.ts: 32ms, application-code: 223ms)
 GET /cha/customers/new 200 in 238ms (next.js: 12ms, proxy.ts: 37ms, application-code: 190ms)
 GET /cha/customers/new 200 in 275ms (next.js: 9ms, proxy.ts: 5ms, application-code: 261ms)
 GET /cha/customers/new 200 in 213ms (next.js: 16ms, proxy.ts: 10ms, application-code: 187ms)
✓ Compiled in 573ms
 GET /cha/customers/new 200 in 895ms (next.js: 215ms, proxy.ts: 56ms, application-code: 624ms)
 GET /cha/customers/new 200 in 4.8s (next.js: 2.5s, proxy.ts: 6ms, application-code: 2.3s)
 GET /cha/customers/new 200 in 419ms (next.js: 105ms, proxy.ts: 9ms, application-code: 304ms)
 GET /cha/customers/new 200 in 312ms (next.js: 21ms, proxy.ts: 23ms, application-code: 268ms)
 GET /cha/customers/new 200 in 329ms (next.js: 24ms, proxy.ts: 42ms, application-code: 263ms)
 GET /cha/customers/new 200 in 271ms (next.js: 8ms, proxy.ts: 7ms, application-code: 256ms)
 GET /cha/customers/new 200 in 759ms (next.js: 10ms, proxy.ts: 9ms, application-code: 740ms)
 GET /cha/customers/new 200 in 803ms (next.js: 40ms, proxy.ts: 9ms, application-code: 754ms)
 GET /cha/customers/new 200 in 907ms (next.js: 71ms, proxy.ts: 9ms, application-code: 827ms)
 GET /cha/customers/new 200 in 567ms (next.js: 163ms, proxy.ts: 5ms, application-code: 399ms)
 GET /cha/customers/new 200 in 542ms (next.js: 73ms, proxy.ts: 51ms, application-code: 418ms)
 GET /cha/customers/new 200 in 617ms (next.js: 84ms, proxy.ts: 62ms, application-code: 471ms)
 GET /cha/customers/new 200 in 647ms (next.js: 50ms, proxy.ts: 51ms, application-code: 546ms)
 GET /cha/customers/new 200 in 651ms (next.js: 95ms, proxy.ts: 51ms, application-code: 504ms)
 GET /cha/customers/new 200 in 575ms (next.js: 11ms, proxy.ts: 105ms, application-code: 459ms)
 GET /cha/customers/new 200 in 324ms (next.js: 15ms, proxy.ts: 4ms, application-code: 305ms)
 GET /cha/customers/new 200 in 360ms (next.js: 11ms, proxy.ts: 49ms, application-code: 300ms)
 GET /cha/customers/new 200 in 359ms (next.js: 43ms, proxy.ts: 10ms, application-code: 306ms)
 GET /cha/customers/new 200 in 367ms (next.js: 14ms, proxy.ts: 9ms, application-code: 345ms)
 GET /cha/customers/new 200 in 321ms (next.js: 9ms, proxy.ts: 64ms, application-code: 248ms)
 GET /cha/customers/new 200 in 368ms (next.js: 68ms, proxy.ts: 11ms, application-code: 289ms)
 GET /cha/customers/new 200 in 374ms (next.js: 6ms, proxy.ts: 3ms, application-code: 365ms)
 GET /cha/customers/new 200 in 373ms (next.js: 10ms, proxy.ts: 30ms, application-code: 333ms)
 GET /cha/customers/new 200 in 394ms (next.js: 85ms, proxy.ts: 48ms, application-code: 261ms)
 GET /cha/customers/new 200 in 411ms (next.js: 16ms, proxy.ts: 12ms, application-code: 383ms)
 GET /cha/customers/new 200 in 478ms (next.js: 56ms, proxy.ts: 12ms, application-code: 410ms)
 GET /cha/customers/new 200 in 540ms (next.js: 53ms, proxy.ts: 48ms, application-code: 438ms)
 GET /cha/customers/new 200 in 341ms (next.js: 9ms, proxy.ts: 5ms, application-code: 327ms)
 GET /cha/customers/new 200 in 406ms (next.js: 8ms, proxy.ts: 4ms, application-code: 394ms)
 GET /cha/customers/new 200 in 310ms (next.js: 10ms, proxy.ts: 4ms, application-code: 296ms)
 GET /cha/customers/new 200 in 313ms (next.js: 40ms, proxy.ts: 4ms, application-code: 268ms)
 GET /cha/customers/new 200 in 357ms (next.js: 21ms, proxy.ts: 62ms, application-code: 274ms)
 GET /cha/customers/new 200 in 252ms (next.js: 30ms, proxy.ts: 8ms, application-code: 214ms)
 GET /cha/customers/new 200 in 341ms (next.js: 9ms, proxy.ts: 43ms, application-code: 288ms)
 GET /cha/customers/new 200 in 215ms (next.js: 6ms, proxy.ts: 3ms, application-code: 206ms)
 GET /cha/customers/new 200 in 232ms (next.js: 6ms, proxy.ts: 5ms, application-code: 221ms)
 GET /cha/customers/new 200 in 246ms (next.js: 31ms, proxy.ts: 4ms, application-code: 211ms)
 GET /cha/customers/new 200 in 186ms (next.js: 5ms, proxy.ts: 3ms, application-code: 178ms)
✓ Compiled in 305ms
 GET /cha/customers/new 200 in 501ms (next.js: 231ms, proxy.ts: 44ms, application-code: 226ms)
 GET /api/runtime/updates 200 in 353ms (next.js: 195ms, proxy.ts: 3ms, application-code: 154ms)
 HEAD /login?callbackUrl=%2F 200 in 210ms (next.js: 133ms, proxy.ts: 3ms, application-code: 74ms)
 GET /cha/customers/new 200 in 503ms (next.js: 221ms, proxy.ts: 38ms, application-code: 244ms)
✓ Compiled in 277ms
 GET /cha/customers/new 200 in 1360ms (next.js: 541ms, proxy.ts: 76ms, application-code: 743ms)
 GET /cha/customers/new 200 in 656ms (next.js: 132ms, proxy.ts: 17ms, application-code: 506ms)
 GET /cha/customers/new 200 in 743ms (next.js: 14ms, proxy.ts: 9ms, application-code: 720ms)
 GET /cha/customers/new 200 in 788ms (next.js: 58ms, proxy.ts: 16ms, application-code: 713ms)
 GET /cha/customers/new 200 in 849ms (next.js: 97ms, proxy.ts: 17ms, application-code: 736ms)
 GET /cha/customers/new 200 in 853ms (next.js: 19ms, proxy.ts: 16ms, application-code: 818ms)
 GET /cha/customers/new 200 in 351ms (next.js: 9ms, proxy.ts: 4ms, application-code: 339ms)
 GET /cha/customers/new 200 in 315ms (next.js: 51ms, proxy.ts: 8ms, application-code: 255ms)
 GET /cha/customers/new 200 in 319ms (next.js: 11ms, proxy.ts: 10ms, application-code: 298ms)
 GET /cha/customers/new 200 in 198ms (next.js: 8ms, proxy.ts: 4ms, application-code: 187ms)
 GET /cha/customers/new 200 in 214ms (next.js: 7ms, proxy.ts: 5ms, application-code: 202ms)
 POST /cha/customers/new 200 in 1337ms (next.js: 8ms, proxy.ts: 6ms, application-code: 1323ms)
  └─ ƒ lookupIndianPincodeAction("600091") in 1247ms src/modules/crm/actions.ts
✓ Compiled in 311ms
 GET /cha/customers/new 200 in 1126ms (next.js: 361ms, proxy.ts: 56ms, application-code: 708ms)
 GET /cha/customers/new 200 in 635ms (next.js: 9ms, proxy.ts: 6ms, application-code: 620ms)
 GET /cha/customers/new 200 in 619ms (next.js: 113ms, proxy.ts: 15ms, application-code: 491ms)
 GET /cha/customers/new 200 in 718ms (next.js: 19ms, proxy.ts: 16ms, application-code: 684ms)
 GET /cha/customers/new 200 in 718ms (next.js: 84ms, proxy.ts: 17ms, application-code: 617ms)
 GET /cha/customers/new 200 in 735ms (next.js: 52ms, proxy.ts: 16ms, application-code: 667ms)
 GET /cha/customers/new 200 in 298ms (next.js: 10ms, proxy.ts: 12ms, application-code: 276ms)
 GET /cha/customers/new 200 in 313ms (next.js: 43ms, proxy.ts: 6ms, application-code: 264ms)
 GET /cha/customers/new 200 in 232ms (next.js: 11ms, proxy.ts: 8ms, application-code: 213ms)
 GET /cha/customers/new 200 in 225ms (next.js: 10ms, proxy.ts: 9ms, application-code: 206ms)
 GET /cha/customers/new 200 in 228ms (next.js: 43ms, proxy.ts: 9ms, application-code: 175ms)
 POST /cha/customers/new 200 in 926ms (next.js: 7ms, proxy.ts: 4ms, application-code: 916ms)
  └─ ƒ lookupIndianPincodeAction("600112") in 895ms src/modules/crm/actions.ts
 GET /api/runtime/updates 304 in 837ms (next.js: 183ms, proxy.ts: 3ms, application-code: 651ms)
✓ Compiled in 164ms
 GET /cha/customers/new 200 in 502ms (next.js: 263ms, proxy.ts: 40ms, application-code: 198ms)
 POST /cha/customers/new 200 in 945ms (next.js: 18ms, proxy.ts: 7ms, application-code: 920ms)
  └─ ƒ lookupIndianPincodeAction("600007") in 905ms src/modules/crm/actions.ts
 POST /cha/customers/new 200 in 922ms (next.js: 5ms, proxy.ts: 4ms, application-code: 913ms)
  └─ ƒ lookupIndianPincodeAction("600129") in 903ms src/modules/crm/actions.ts
 GET /cha/customers/new 200 in 511ms (next.js: 293ms, proxy.ts: 41ms, application-code: 177ms)
 POST /cha/customers/new 200 in 1725ms (next.js: 6ms, proxy.ts: 3ms, application-code: 1716ms)
  └─ ƒ lookupIndianPincodeAction("600111") in 1701ms src/modules/crm/actions.ts
 POST /cha/customers/new 200 in 1219ms (next.js: 6ms, proxy.ts: 4ms, application-code: 1210ms)
  └─ ƒ lookupIndianPincodeAction("600100") in 1201ms src/modules/crm/actions.ts
✓ Compiled in 647ms
 GET /cha/customers/new 200 in 1702ms (next.js: 697ms, proxy.ts: 263ms, application-code: 743ms)
 GET /cha/customers/new 200 in 661ms (next.js: 142ms, proxy.ts: 21ms, application-code: 498ms)
 GET /cha/customers/new 200 in 749ms (next.js: 14ms, proxy.ts: 7ms, application-code: 728ms)
 GET /cha/customers/new 200 in 767ms (next.js: 63ms, proxy.ts: 23ms, application-code: 682ms)
 GET /cha/customers/new 200 in 767ms (next.js: 17ms, proxy.ts: 22ms, application-code: 728ms)
 GET /cha/customers/new 200 in 771ms (next.js: 102ms, proxy.ts: 23ms, application-code: 646ms)
 GET /cha/customers/new 200 in 407ms (next.js: 11ms, proxy.ts: 4ms, application-code: 391ms)
 GET /cha/customers/new 200 in 317ms (next.js: 10ms, proxy.ts: 6ms, application-code: 301ms)
 GET /cha/customers/new 200 in 317ms (next.js: 42ms, proxy.ts: 6ms, application-code: 268ms)
 GET /cha/customers/new 200 in 399ms (next.js: 10ms, proxy.ts: 9ms, application-code: 379ms)
 GET /cha/customers/new 200 in 396ms (next.js: 46ms, proxy.ts: 8ms, application-code: 342ms)
 GET /cha/customers/new 200 in 470ms (next.js: 139ms, proxy.ts: 8ms, application-code: 323ms)
 GET /cha/customers/new 200 in 389ms (next.js: 12ms, proxy.ts: 9ms, application-code: 368ms)
 GET /cha/customers/new 200 in 384ms (next.js: 48ms, proxy.ts: 7ms, application-code: 329ms)
 GET /cha/customers/new 200 in 383ms (next.js: 82ms, proxy.ts: 7ms, application-code: 294ms)
 GET /cha/customers/new 200 in 345ms (next.js: 33ms, proxy.ts: 3ms, application-code: 309ms)
 GET /cha/customers/new 200 in 349ms (next.js: 8ms, proxy.ts: 4ms, application-code: 337ms)
 GET /cha/customers/new 200 in 365ms (next.js: 7ms, proxy.ts: 4ms, application-code: 353ms)
 GET /cha/customers/new 200 in 358ms (next.js: 39ms, proxy.ts: 6ms, application-code: 313ms)
 GET /cha/customers/new 200 in 361ms (next.js: 9ms, proxy.ts: 6ms, application-code: 345ms)
 GET /cha/customers/new 200 in 360ms (next.js: 67ms, proxy.ts: 6ms, application-code: 287ms)
 GET /cha/customers/new 200 in 365ms (next.js: 9ms, proxy.ts: 5ms, application-code: 350ms)
 GET /cha/customers/new 200 in 365ms (next.js: 38ms, proxy.ts: 5ms, application-code: 322ms)
 GET /cha/customers/new 200 in 381ms (next.js: 8ms, proxy.ts: 3ms, application-code: 370ms)
 GET /cha/customers/new 200 in 386ms (next.js: 11ms, proxy.ts: 11ms, application-code: 364ms)
 GET /cha/customers/new 200 in 383ms (next.js: 81ms, proxy.ts: 10ms, application-code: 291ms)
 GET /cha/customers/new 200 in 464ms (next.js: 51ms, proxy.ts: 8ms, application-code: 405ms)
 GET /cha/customers/new 200 in 317ms (next.js: 9ms, proxy.ts: 7ms, application-code: 301ms)
 GET /cha/customers/new 200 in 320ms (next.js: 46ms, proxy.ts: 7ms, application-code: 267ms)
 GET /cha/customers/new 200 in 405ms (next.js: 10ms, proxy.ts: 4ms, application-code: 391ms)
 GET /cha/customers/new 200 in 286ms (next.js: 35ms, proxy.ts: 5ms, application-code: 246ms)
 GET /cha/customers/new 200 in 316ms (next.js: 9ms, proxy.ts: 5ms, application-code: 302ms)
 GET /cha/customers/new 200 in 347ms (next.js: 41ms, proxy.ts: 8ms, application-code: 298ms)
 GET /cha/customers/new 200 in 350ms (next.js: 11ms, proxy.ts: 9ms, application-code: 330ms)
 GET /cha/customers/new 200 in 443ms (next.js: 69ms, proxy.ts: 7ms, application-code: 367ms)
 GET /cha/customers/new 200 in 340ms (next.js: 6ms, proxy.ts: 7ms, application-code: 327ms)
 GET /cha/customers/new 200 in 370ms (next.js: 16ms, proxy.ts: 59ms, application-code: 295ms)
 GET /cha/customers/new 200 in 385ms (next.js: 23ms, proxy.ts: 10ms, application-code: 353ms)
 GET /cha/customers/new 200 in 331ms (next.js: 7ms, proxy.ts: 4ms, application-code: 319ms)
 GET /cha/customers/new 200 in 357ms (next.js: 41ms, proxy.ts: 4ms, application-code: 312ms)
 GET /cha/customers/new 200 in 346ms (next.js: 6ms, proxy.ts: 3ms, application-code: 337ms)
 GET /cha/customers/new 200 in 273ms (next.js: 13ms, proxy.ts: 5ms, application-code: 255ms)
 GET /cha/customers/new 200 in 347ms (next.js: 8ms, proxy.ts: 4ms, application-code: 335ms)
 GET /cha/customers/new 200 in 345ms (next.js: 14ms, proxy.ts: 27ms, application-code: 303ms)
 GET /cha/customers/new 200 in 340ms (next.js: 17ms, proxy.ts: 9ms, application-code: 314ms)
 GET /cha/customers/new 200 in 325ms (next.js: 11ms, proxy.ts: 42ms, application-code: 272ms)
 GET /cha/customers/new 200 in 384ms (next.js: 24ms, proxy.ts: 9ms, application-code: 351ms)
 GET /cha/customers/new 200 in 387ms (next.js: 9ms, proxy.ts: 68ms, application-code: 310ms)
 GET /cha/customers/new 200 in 378ms (next.js: 8ms, proxy.ts: 5ms, application-code: 365ms)
 GET /cha/customers/new 200 in 377ms (next.js: 32ms, proxy.ts: 4ms, application-code: 341ms)
 GET /cha/customers/new 200 in 380ms (next.js: 45ms, proxy.ts: 5ms, application-code: 329ms)
 GET /cha/customers/new 200 in 384ms (next.js: 9ms, proxy.ts: 7ms, application-code: 368ms)
 GET /cha/customers/new 200 in 399ms (next.js: 14ms, proxy.ts: 15ms, application-code: 370ms)
 GET /cha/customers/new 200 in 381ms (next.js: 23ms, proxy.ts: 59ms, application-code: 299ms)
 GET /cha/customers/new 200 in 354ms (next.js: 10ms, proxy.ts: 7ms, application-code: 338ms)
 GET /cha/customers/new 200 in 362ms (next.js: 38ms, proxy.ts: 6ms, application-code: 317ms)
 GET /cha/customers/new 200 in 369ms (next.js: 8ms, proxy.ts: 7ms, application-code: 354ms)
 GET /cha/customers/new 200 in 372ms (next.js: 40ms, proxy.ts: 6ms, application-code: 326ms)
 GET /cha/customers/new 200 in 334ms (next.js: 8ms, proxy.ts: 7ms, application-code: 318ms)
 GET /cha/customers/new 200 in 395ms (next.js: 41ms, proxy.ts: 5ms, application-code: 348ms)
 GET /cha/customers/new 200 in 364ms (next.js: 9ms, proxy.ts: 8ms, application-code: 346ms)
 GET /cha/customers/new 200 in 359ms (next.js: 40ms, proxy.ts: 5ms, application-code: 313ms)
 GET /cha/customers/new 200 in 395ms (next.js: 8ms, proxy.ts: 6ms, application-code: 381ms)
 GET /cha/customers/new 200 in 393ms (next.js: 38ms, proxy.ts: 5ms, application-code: 350ms)
 GET /cha/customers/new 200 in 382ms (next.js: 19ms, proxy.ts: 16ms, application-code: 347ms)
 GET /cha/customers/new 200 in 393ms (next.js: 12ms, proxy.ts: 5ms, application-code: 377ms)
 GET /cha/customers/new 200 in 351ms (next.js: 51ms, proxy.ts: 6ms, application-code: 293ms)
 GET /cha/customers/new 200 in 363ms (next.js: 10ms, proxy.ts: 6ms, application-code: 347ms)
 GET /cha/customers/new 200 in 342ms (next.js: 9ms, proxy.ts: 5ms, application-code: 328ms)
 GET /cha/customers/new 200 in 344ms (next.js: 37ms, proxy.ts: 5ms, application-code: 302ms)
 GET /cha/customers/new 200 in 241ms (next.js: 24ms, proxy.ts: 7ms, application-code: 210ms)
 GET /cha/customers/new 200 in 287ms (next.js: 6ms, proxy.ts: 4ms, application-code: 277ms)
 GET /cha/customers/new 200 in 311ms (next.js: 19ms, proxy.ts: 9ms, application-code: 283ms)
 GET /cha/customers/new 200 in 291ms (next.js: 18ms, proxy.ts: 33ms, application-code: 240ms)
 GET /cha/customers/new 200 in 302ms (next.js: 11ms, proxy.ts: 6ms, application-code: 285ms)
 GET /cha/customers/new 200 in 308ms (next.js: 36ms, proxy.ts: 6ms, application-code: 267ms)
 GET /cha/customers/new 200 in 334ms (next.js: 12ms, proxy.ts: 78ms, application-code: 244ms)
 GET /cha/customers/new 200 in 258ms (next.js: 6ms, proxy.ts: 9ms, application-code: 242ms)
 GET /cha/customers/new 200 in 306ms (next.js: 27ms, proxy.ts: 4ms, application-code: 274ms)
 GET /cha/customers/new 200 in 308ms (next.js: 6ms, proxy.ts: 5ms, application-code: 297ms)
 GET /cha/customers/new 200 in 280ms (next.js: 8ms, proxy.ts: 5ms, application-code: 267ms)
 GET /cha/customers/new 200 in 304ms (next.js: 38ms, proxy.ts: 17ms, application-code: 250ms)
 GET /cha/customers/new 200 in 322ms (next.js: 22ms, proxy.ts: 13ms, application-code: 287ms)
 GET /cha/customers/new 200 in 313ms (next.js: 7ms, proxy.ts: 12ms, application-code: 294ms)
 GET /cha/customers/new 200 in 306ms (next.js: 31ms, proxy.ts: 4ms, application-code: 271ms)
 GET /cha/customers/new 200 in 315ms (next.js: 7ms, proxy.ts: 5ms, application-code: 304ms)
 GET /cha/customers/new 200 in 328ms (next.js: 6ms, proxy.ts: 4ms, application-code: 318ms)
 GET /cha/customers/new 200 in 301ms (next.js: 14ms, proxy.ts: 26ms, application-code: 262ms)
 GET /cha/customers/new 200 in 308ms (next.js: 8ms, proxy.ts: 6ms, application-code: 295ms)
 GET /cha/customers/new 200 in 231ms (next.js: 7ms, proxy.ts: 3ms, application-code: 220ms)
 GET /cha/customers/new 200 in 298ms (next.js: 7ms, proxy.ts: 5ms, application-code: 286ms)
 GET /cha/customers/new 200 in 267ms (next.js: 21ms, proxy.ts: 7ms, application-code: 239ms)
 GET /cha/customers/new 200 in 271ms (next.js: 7ms, proxy.ts: 3ms, application-code: 260ms)
 GET /cha/customers/new 200 in 292ms (next.js: 8ms, proxy.ts: 8ms, application-code: 276ms)
 GET /cha/customers/new 200 in 297ms (next.js: 34ms, proxy.ts: 7ms, application-code: 255ms)
 GET /cha/customers/new 200 in 234ms (next.js: 18ms, proxy.ts: 13ms, application-code: 203ms)
 GET /cha/customers/new 200 in 317ms (next.js: 35ms, proxy.ts: 5ms, application-code: 278ms)
 GET /cha/customers/new 200 in 323ms (next.js: 8ms, proxy.ts: 6ms, application-code: 309ms)
 GET /cha/customers/new 200 in 323ms (next.js: 18ms, proxy.ts: 5ms, application-code: 300ms)
 GET /cha/customers/new 200 in 386ms (next.js: 11ms, proxy.ts: 7ms, application-code: 367ms)
 GET /cha/customers/new 200 in 378ms (next.js: 15ms, proxy.ts: 32ms, application-code: 332ms)
 GET /cha/customers/new 200 in 440ms (next.js: 51ms, proxy.ts: 35ms, application-code: 354ms)
 GET /cha/customers/new 200 in 337ms (next.js: 11ms, proxy.ts: 5ms, application-code: 322ms)
 GET /cha/customers/new 200 in 336ms (next.js: 37ms, proxy.ts: 5ms, application-code: 294ms)
 GET /cha/customers/new 200 in 404ms (next.js: 8ms, proxy.ts: 4ms, application-code: 393ms)
 GET /cha/customers/new 200 in 347ms (next.js: 8ms, proxy.ts: 6ms, application-code: 333ms)
 GET /cha/customers/new 200 in 408ms (next.js: 58ms, proxy.ts: 6ms, application-code: 344ms)
 GET /cha/customers/new 200 in 364ms (next.js: 14ms, proxy.ts: 8ms, application-code: 343ms)
 GET /cha/customers/new 200 in 312ms (next.js: 20ms, proxy.ts: 8ms, application-code: 284ms)
 GET /cha/customers/new 200 in 312ms (next.js: 51ms, proxy.ts: 8ms, application-code: 253ms)
 GET /cha/customers/new 200 in 311ms (next.js: 7ms, proxy.ts: 3ms, application-code: 300ms)
 GET /cha/customers/new 200 in 305ms (next.js: 7ms, proxy.ts: 4ms, application-code: 295ms)
 GET /cha/customers/new 200 in 313ms (next.js: 6ms, proxy.ts: 4ms, application-code: 303ms)
 GET /cha/customers/new 200 in 311ms (next.js: 11ms, proxy.ts: 7ms, application-code: 294ms)
 GET /cha/customers/new 200 in 306ms (next.js: 61ms, proxy.ts: 5ms, application-code: 239ms)
 GET /cha/customers/new 200 in 378ms (next.js: 35ms, proxy.ts: 6ms, application-code: 337ms)
 GET /cha/customers/new 200 in 316ms (next.js: 6ms, proxy.ts: 3ms, application-code: 307ms)
 GET /cha/customers/new 200 in 340ms (next.js: 6ms, proxy.ts: 4ms, application-code: 330ms)
 GET /cha/customers/new 200 in 322ms (next.js: 7ms, proxy.ts: 4ms, application-code: 311ms)
 GET /cha/customers/new 200 in 285ms (next.js: 10ms, proxy.ts: 6ms, application-code: 270ms)
 GET /cha/customers/new 200 in 327ms (next.js: 34ms, proxy.ts: 6ms, application-code: 287ms)
 GET /cha/customers/new 200 in 353ms (next.js: 8ms, proxy.ts: 9ms, application-code: 336ms)
 GET /cha/customers/new 200 in 345ms (next.js: 11ms, proxy.ts: 27ms, application-code: 307ms)
 GET /cha/customers/new 200 in 284ms (next.js: 6ms, proxy.ts: 7ms, application-code: 271ms)
 GET /cha/customers/new 200 in 328ms (next.js: 9ms, proxy.ts: 8ms, application-code: 311ms)
 GET /cha/customers/new 200 in 333ms (next.js: 18ms, proxy.ts: 8ms, application-code: 307ms)
 GET /cha/customers/new 200 in 385ms (next.js: 13ms, proxy.ts: 35ms, application-code: 337ms)
 GET /cha/customers/new 200 in 291ms (next.js: 6ms, proxy.ts: 4ms, application-code: 281ms)
 GET /cha/customers/new 200 in 289ms (next.js: 7ms, proxy.ts: 5ms, application-code: 278ms)
 GET /cha/customers/new 200 in 338ms (next.js: 10ms, proxy.ts: 13ms, application-code: 315ms)
 GET /cha/customers/new 200 in 316ms (next.js: 6ms, proxy.ts: 3ms, application-code: 306ms)
 GET /cha/customers/new 200 in 330ms (next.js: 7ms, proxy.ts: 4ms, application-code: 319ms)
 GET /cha/customers/new 200 in 311ms (next.js: 34ms, proxy.ts: 5ms, application-code: 271ms)
 GET /cha/customers/new 200 in 316ms (next.js: 7ms, proxy.ts: 5ms, application-code: 304ms)
 GET /cha/customers/new 200 in 347ms (next.js: 7ms, proxy.ts: 7ms, application-code: 333ms)
 GET /cha/customers/new 200 in 348ms (next.js: 36ms, proxy.ts: 5ms, application-code: 308ms)
 GET /cha/customers/new 200 in 382ms (next.js: 8ms, proxy.ts: 4ms, application-code: 371ms)
 GET /cha/customers/new 200 in 365ms (next.js: 6ms, proxy.ts: 3ms, application-code: 356ms)
 GET /cha/customers/new 200 in 312ms (next.js: 41ms, proxy.ts: 6ms, application-code: 264ms)
 GET /cha/customers/new 200 in 314ms (next.js: 8ms, proxy.ts: 6ms, application-code: 299ms)
 GET /cha/customers/new 200 in 349ms (next.js: 22ms, proxy.ts: 40ms, application-code: 287ms)
 GET /cha/customers/new 200 in 358ms (next.js: 12ms, proxy.ts: 6ms, application-code: 340ms)
 GET /cha/customers/new 200 in 320ms (next.js: 7ms, proxy.ts: 4ms, application-code: 309ms)
 GET /cha/customers/new 200 in 341ms (next.js: 11ms, proxy.ts: 4ms, application-code: 326ms)
 GET /cha/customers/new 200 in 394ms (next.js: 23ms, proxy.ts: 41ms, application-code: 330ms)
 GET /cha/customers/new 200 in 364ms (next.js: 54ms, proxy.ts: 12ms, application-code: 297ms)
 GET /cha/customers/new 200 in 339ms (next.js: 37ms, proxy.ts: 6ms, application-code: 296ms)
 GET /cha/customers/new 200 in 341ms (next.js: 8ms, proxy.ts: 6ms, application-code: 327ms)
 GET /cha/customers/new 200 in 357ms (next.js: 7ms, proxy.ts: 4ms, application-code: 346ms)
 GET /cha/customers/new 200 in 331ms (next.js: 6ms, proxy.ts: 4ms, application-code: 321ms)
 GET /cha/customers/new 200 in 372ms (next.js: 8ms, proxy.ts: 5ms, application-code: 359ms)
 GET /cha/customers/new 200 in 373ms (next.js: 42ms, proxy.ts: 5ms, application-code: 326ms)
 GET /cha/customers/new 200 in 377ms (next.js: 14ms, proxy.ts: 9ms, application-code: 354ms)
 GET /cha/customers/new 200 in 377ms (next.js: 46ms, proxy.ts: 10ms, application-code: 321ms)
 GET /cha/customers/new 200 in 372ms (next.js: 7ms, proxy.ts: 4ms, application-code: 361ms)
 GET /cha/customers/new 200 in 331ms (next.js: 20ms, proxy.ts: 19ms, application-code: 292ms)
 GET /cha/customers/new 200 in 351ms (next.js: 8ms, proxy.ts: 5ms, application-code: 337ms)
 GET /cha/customers/new 200 in 350ms (next.js: 40ms, proxy.ts: 4ms, application-code: 306ms)
 GET /cha/customers/new 200 in 318ms (next.js: 48ms, proxy.ts: 7ms, application-code: 263ms)
 GET /cha/customers/new 200 in 321ms (next.js: 16ms, proxy.ts: 8ms, application-code: 297ms)
 GET /cha/customers/new 200 in 357ms (next.js: 9ms, proxy.ts: 4ms, application-code: 344ms)
 GET /cha/customers/new 200 in 351ms (next.js: 21ms, proxy.ts: 37ms, application-code: 293ms)
 GET /cha/customers/new 200 in 343ms (next.js: 35ms, proxy.ts: 5ms, application-code: 303ms)
 GET /cha/customers/new 200 in 346ms (next.js: 6ms, proxy.ts: 6ms, application-code: 334ms)
 GET /cha/customers/new 200 in 380ms (next.js: 8ms, proxy.ts: 5ms, application-code: 367ms)
 GET /cha/customers/new 200 in 446ms (next.js: 36ms, proxy.ts: 5ms, application-code: 406ms)
 GET /cha/customers/new 200 in 376ms (next.js: 39ms, proxy.ts: 7ms, application-code: 329ms)
 GET /cha/customers/new 200 in 380ms (next.js: 8ms, proxy.ts: 7ms, application-code: 364ms)
 GET /cha/customers/new 200 in 368ms (next.js: 13ms, proxy.ts: 7ms, application-code: 348ms)
 GET /cha/customers/new 200 in 368ms (next.js: 57ms, proxy.ts: 7ms, application-code: 304ms)
 GET /cha/customers/new 200 in 355ms (next.js: 9ms, proxy.ts: 4ms, application-code: 342ms)
 GET /cha/customers/new 200 in 359ms (next.js: 7ms, proxy.ts: 4ms, application-code: 349ms)
 GET /cha/customers/new 200 in 359ms (next.js: 8ms, proxy.ts: 7ms, application-code: 345ms)
 GET /cha/customers/new 200 in 359ms (next.js: 36ms, proxy.ts: 5ms, application-code: 318ms)
 GET /cha/customers/new 200 in 374ms (next.js: 9ms, proxy.ts: 6ms, application-code: 358ms)
 GET /cha/customers/new 200 in 375ms (next.js: 42ms, proxy.ts: 6ms, application-code: 327ms)
 GET /cha/customers/new 200 in 399ms (next.js: 5ms, proxy.ts: 4ms, application-code: 390ms)
 GET /cha/customers/new 200 in 406ms (next.js: 7ms, proxy.ts: 4ms, application-code: 396ms)
 GET /cha/customers/new 200 in 344ms (next.js: 47ms, proxy.ts: 7ms, application-code: 290ms)
 GET /cha/customers/new 200 in 348ms (next.js: 10ms, proxy.ts: 7ms, application-code: 330ms)
 GET /cha/customers/new 200 in 415ms (next.js: 11ms, proxy.ts: 7ms, application-code: 398ms)
 GET /cha/customers/new 200 in 413ms (next.js: 47ms, proxy.ts: 6ms, application-code: 361ms)
 GET /cha/customers/new 200 in 462ms (next.js: 9ms, proxy.ts: 4ms, application-code: 449ms)
 GET /cha/customers/new 200 in 429ms (next.js: 12ms, proxy.ts: 5ms, application-code: 412ms)
 GET /cha/customers/new 200 in 439ms (next.js: 25ms, proxy.ts: 47ms, application-code: 367ms)
 GET /cha/customers/new 200 in 489ms (next.js: 61ms, proxy.ts: 47ms, application-code: 381ms)
 GET /cha/customers/new 200 in 506ms (next.js: 9ms, proxy.ts: 6ms, application-code: 491ms)
 GET /cha/customers/new 200 in 506ms (next.js: 49ms, proxy.ts: 6ms, application-code: 451ms)
 GET /cha/customers/new 200 in 464ms (next.js: 94ms, proxy.ts: 3ms, application-code: 366ms)
 GET /cha/customers/new 200 in 538ms (next.js: 132ms, proxy.ts: 4ms, application-code: 402ms)
 GET /cha/customers/new 200 in 511ms (next.js: 147ms, proxy.ts: 4ms, application-code: 361ms)
 GET /cha/customers/new 200 in 460ms (next.js: 146ms, proxy.ts: 4ms, application-code: 310ms)
 GET /cha/customers/new 200 in 419ms (next.js: 9ms, proxy.ts: 6ms, application-code: 403ms)
 GET /cha/customers/new 200 in 423ms (next.js: 43ms, proxy.ts: 6ms, application-code: 374ms)
 GET /cha/customers/new 200 in 384ms (next.js: 10ms, proxy.ts: 4ms, application-code: 369ms)
 GET /cha/customers/new 200 in 374ms (next.js: 44ms, proxy.ts: 7ms, application-code: 323ms)
 GET /cha/customers/new 200 in 379ms (next.js: 10ms, proxy.ts: 9ms, application-code: 360ms)
 GET /cha/customers/new 200 in 374ms (next.js: 82ms, proxy.ts: 7ms, application-code: 285ms)
 GET /cha/customers/new 200 in 424ms (next.js: 11ms, proxy.ts: 8ms, application-code: 405ms)
 GET /cha/customers/new 200 in 417ms (next.js: 17ms, proxy.ts: 41ms, application-code: 359ms)
 GET /cha/customers/new 200 in 428ms (next.js: 6ms, proxy.ts: 4ms, application-code: 418ms)
 GET /cha/customers/new 200 in 426ms (next.js: 40ms, proxy.ts: 8ms, application-code: 377ms)
 GET /cha/customers/new 200 in 428ms (next.js: 8ms, proxy.ts: 8ms, application-code: 411ms)
 GET /cha/customers/new 200 in 427ms (next.js: 78ms, proxy.ts: 8ms, application-code: 341ms)
 GET /cha/customers/new 200 in 392ms (next.js: 10ms, proxy.ts: 5ms, application-code: 377ms)
 GET /cha/customers/new 200 in 399ms (next.js: 45ms, proxy.ts: 6ms, application-code: 348ms)
 GET /cha/customers/new 200 in 346ms (next.js: 6ms, proxy.ts: 4ms, application-code: 336ms)
 GET /cha/customers/new 200 in 485ms (next.js: 8ms, proxy.ts: 8ms, application-code: 469ms)
 GET /cha/customers/new 200 in 486ms (next.js: 71ms, proxy.ts: 8ms, application-code: 407ms)
 GET /cha/customers/new 200 in 488ms (next.js: 41ms, proxy.ts: 8ms, application-code: 439ms)
 GET /cha/customers/new 200 in 446ms (next.js: 8ms, proxy.ts: 4ms, application-code: 434ms)
 GET /cha/customers/new 200 in 472ms (next.js: 9ms, proxy.ts: 41ms, application-code: 422ms)
 GET /cha/customers/new 200 in 526ms (next.js: 11ms, proxy.ts: 32ms, application-code: 482ms)
 GET /cha/customers/new 200 in 408ms (next.js: 44ms, proxy.ts: 7ms, application-code: 358ms)
 GET /cha/customers/new 200 in 413ms (next.js: 11ms, proxy.ts: 8ms, application-code: 394ms)
 GET /cha/customers/new 200 in 414ms (next.js: 77ms, proxy.ts: 7ms, application-code: 330ms)
 HEAD /login?callbackUrl=%2F 200 in 293ms (next.js: 149ms, proxy.ts: 11ms, application-code: 134ms)
 GET /cha/customers/new 200 in 584ms (next.js: 10ms, proxy.ts: 15ms, application-code: 559ms)
 GET /cha/customers/new 200 in 617ms (next.js: 15ms, proxy.ts: 41ms, application-code: 560ms)
 GET /cha/customers/new 200 in 484ms (next.js: 12ms, proxy.ts: 10ms, application-code: 463ms)
 GET /cha/customers/new 200 in 523ms (next.js: 14ms, proxy.ts: 11ms, application-code: 498ms)
 GET /cha/customers/new 200 in 519ms (next.js: 81ms, proxy.ts: 11ms, application-code: 428ms)
 GET /cha/customers/new 200 in 567ms (next.js: 51ms, proxy.ts: 12ms, application-code: 505ms)
 GET /cha/customers/new 200 in 295ms (next.js: 8ms, proxy.ts: 4ms, application-code: 283ms)
 GET /cha/customers/new 200 in 347ms (next.js: 10ms, proxy.ts: 5ms, application-code: 331ms)
 GET /cha/customers/new 200 in 309ms (next.js: 34ms, proxy.ts: 8ms, application-code: 267ms)
 GET /cha/customers/new 200 in 304ms (next.js: 9ms, proxy.ts: 7ms, application-code: 289ms)
 GET /cha/customers/new 200 in 412ms (next.js: 42ms, proxy.ts: 7ms, application-code: 362ms)
 GET /cha/customers/new 200 in 286ms (next.js: 20ms, proxy.ts: 6ms, application-code: 260ms)
 GET /cha/customers/new 200 in 331ms (next.js: 14ms, proxy.ts: 10ms, application-code: 307ms)
 GET /cha/customers/new 200 in 271ms (next.js: 10ms, proxy.ts: 3ms, application-code: 258ms)
 GET /cha/customers/new 200 in 322ms (next.js: 15ms, proxy.ts: 36ms, application-code: 270ms)
✓ Compiled in 219ms
 GET /cha/customers/new 200 in 1411ms (next.js: 490ms, proxy.ts: 82ms, application-code: 838ms)
 GET /cha/customers/new 200 in 1313ms (next.js: 516ms, proxy.ts: 6ms, application-code: 791ms)
 GET /cha/customers/new 200 in 1322ms (next.js: 944ms, proxy.ts: 8ms, application-code: 370ms)
 GET /cha/customers/new 200 in 1200ms (next.js: 893ms, proxy.ts: 3ms, application-code: 304ms)
 GET /cha/customers/new 200 in 1476ms (next.js: 985ms, proxy.ts: 5ms, application-code: 486ms)
 GET /cha/customers/new 200 in 1537ms (next.js: 1073ms, proxy.ts: 6ms, application-code: 458ms)
 GET /cha/customers/new 200 in 405ms (next.js: 17ms, proxy.ts: 68ms, application-code: 320ms)
 GET /cha/customers/new 200 in 412ms (next.js: 47ms, proxy.ts: 68ms, application-code: 297ms)
 GET /cha/customers/new 200 in 504ms (next.js: 75ms, proxy.ts: 67ms, application-code: 362ms)
 GET /cha/customers/new 200 in 514ms (next.js: 106ms, proxy.ts: 68ms, application-code: 341ms)
 GET /cha/customers/new 200 in 402ms (next.js: 7ms, proxy.ts: 15ms, application-code: 379ms)
 GET /cha/customers/new 200 in 406ms (next.js: 42ms, proxy.ts: 16ms, application-code: 349ms)
 GET /cha/customers/new 200 in 362ms (next.js: 9ms, proxy.ts: 6ms, application-code: 347ms)
 GET /cha/customers/new 200 in 331ms (next.js: 23ms, proxy.ts: 7ms, application-code: 302ms)
 GET /cha/customers/new 200 in 341ms (next.js: 10ms, proxy.ts: 42ms, application-code: 290ms)
 GET /cha/customers/new 200 in 366ms (next.js: 12ms, proxy.ts: 4ms, application-code: 349ms)
 GET /cha/customers/new 200 in 379ms (next.js: 8ms, proxy.ts: 11ms, application-code: 360ms)
 GET /cha/customers/new 200 in 375ms (next.js: 66ms, proxy.ts: 7ms, application-code: 302ms)
 GET /cha/customers/new 200 in 327ms (next.js: 52ms, proxy.ts: 4ms, application-code: 271ms)
 GET /cha/customers/new 200 in 334ms (next.js: 10ms, proxy.ts: 6ms, application-code: 319ms)
 GET /cha/customers/new 200 in 362ms (next.js: 9ms, proxy.ts: 48ms, application-code: 305ms)
 GET /cha/customers/new 200 in 308ms (next.js: 7ms, proxy.ts: 5ms, application-code: 296ms)
 GET /cha/customers/new 200 in 450ms (next.js: 21ms, proxy.ts: 14ms, application-code: 416ms)
 GET /cha/customers/new 200 in 314ms (next.js: 39ms, proxy.ts: 5ms, application-code: 271ms)
 GET /cha/customers/new 200 in 368ms (next.js: 11ms, proxy.ts: 5ms, application-code: 352ms)
 GET /cha/customers/new 200 in 287ms (next.js: 5ms, proxy.ts: 3ms, application-code: 278ms)
 GET /cha/customers/new 200 in 459ms (next.js: 42ms, proxy.ts: 5ms, application-code: 412ms)
 GET /cha/customers/new 200 in 353ms (next.js: 9ms, proxy.ts: 7ms, application-code: 337ms)
 GET /cha/customers/new 200 in 354ms (next.js: 33ms, proxy.ts: 7ms, application-code: 315ms)
 GET /cha/customers/new 200 in 445ms (next.js: 71ms, proxy.ts: 5ms, application-code: 368ms)
 GET /cha/customers/new 200 in 367ms (next.js: 6ms, proxy.ts: 3ms, application-code: 358ms)
 GET /cha/customers/new 200 in 358ms (next.js: 50ms, proxy.ts: 6ms, application-code: 302ms)
 GET /cha/customers/new 200 in 361ms (next.js: 20ms, proxy.ts: 7ms, application-code: 334ms)
 GET /cha/customers/new 200 in 345ms (next.js: 7ms, proxy.ts: 5ms, application-code: 333ms)
 GET /cha/customers/new 200 in 346ms (next.js: 31ms, proxy.ts: 5ms, application-code: 311ms)
 GET /cha/customers/new 200 in 340ms (next.js: 7ms, proxy.ts: 3ms, application-code: 330ms)
 GET /cha/customers/new 200 in 332ms (next.js: 6ms, proxy.ts: 3ms, application-code: 324ms)
 GET /cha/customers/new 200 in 330ms (next.js: 30ms, proxy.ts: 4ms, application-code: 295ms)
 GET /cha/customers/new 200 in 332ms (next.js: 7ms, proxy.ts: 5ms, application-code: 321ms)
 GET /cha/customers/new 200 in 344ms (next.js: 8ms, proxy.ts: 6ms, application-code: 330ms)
 GET /cha/customers/new 200 in 344ms (next.js: 39ms, proxy.ts: 5ms, application-code: 301ms)
 GET /cha/customers/new 200 in 337ms (next.js: 6ms, proxy.ts: 3ms, application-code: 328ms)
 GET /cha/customers/new 200 in 343ms (next.js: 6ms, proxy.ts: 3ms, application-code: 334ms)
 GET /cha/customers/new 200 in 345ms (next.js: 43ms, proxy.ts: 4ms, application-code: 297ms)
 GET /cha/customers/new 200 in 350ms (next.js: 7ms, proxy.ts: 4ms, application-code: 340ms)
 GET /cha/customers/new 200 in 352ms (next.js: 8ms, proxy.ts: 5ms, application-code: 339ms)
 GET /cha/customers/new 200 in 352ms (next.js: 32ms, proxy.ts: 4ms, application-code: 316ms)
 GET /cha/customers/new 200 in 362ms (next.js: 7ms, proxy.ts: 3ms, application-code: 352ms)
 GET /cha/customers/new 200 in 285ms (next.js: 7ms, proxy.ts: 3ms, application-code: 275ms)
 GET /cha/customers/new 200 in 361ms (next.js: 8ms, proxy.ts: 5ms, application-code: 347ms)
 GET /cha/customers/new 200 in 363ms (next.js: 13ms, proxy.ts: 34ms, application-code: 316ms)
 GET /cha/customers/new 200 in 329ms (next.js: 8ms, proxy.ts: 6ms, application-code: 314ms)
 GET /cha/customers/new 200 in 327ms (next.js: 40ms, proxy.ts: 5ms, application-code: 282ms)
 GET /cha/customers/new 200 in 348ms (next.js: 29ms, proxy.ts: 35ms, application-code: 285ms)
 GET /cha/customers/new 200 in 355ms (next.js: 8ms, proxy.ts: 5ms, application-code: 342ms)
 GET /cha/customers/new 200 in 352ms (next.js: 7ms, proxy.ts: 3ms, application-code: 341ms)
 GET /cha/customers/new 200 in 348ms (next.js: 8ms, proxy.ts: 41ms, application-code: 299ms)
 GET /cha/customers/new 200 in 376ms (next.js: 25ms, proxy.ts: 9ms, application-code: 343ms)
 GET /cha/customers/new 200 in 381ms (next.js: 57ms, proxy.ts: 9ms, application-code: 315ms)
 GET /cha/customers/new 200 in 389ms (next.js: 6ms, proxy.ts: 3ms, application-code: 379ms)
 GET /cha/customers/new 200 in 394ms (next.js: 38ms, proxy.ts: 3ms, application-code: 353ms)
 GET /cha/customers/new 200 in 342ms (next.js: 40ms, proxy.ts: 7ms, application-code: 296ms)
 GET /cha/customers/new 200 in 370ms (next.js: 7ms, proxy.ts: 7ms, application-code: 356ms)
 GET /cha/customers/new 200 in 364ms (next.js: 15ms, proxy.ts: 7ms, application-code: 341ms)
 GET /cha/customers/new 200 in 362ms (next.js: 58ms, proxy.ts: 7ms, application-code: 296ms)
 GET /cha/customers/new 200 in 328ms (next.js: 7ms, proxy.ts: 3ms, application-code: 318ms)
 GET /cha/customers/new 200 in 365ms (next.js: 8ms, proxy.ts: 8ms, application-code: 349ms)
 GET /cha/customers/new 200 in 376ms (next.js: 15ms, proxy.ts: 25ms, application-code: 336ms)
 GET /cha/customers/new 200 in 351ms (next.js: 39ms, proxy.ts: 6ms, application-code: 306ms)
 GET /cha/customers/new 200 in 257ms (next.js: 6ms, proxy.ts: 4ms, application-code: 248ms)
 GET /cha/customers/new 200 in 383ms (next.js: 30ms, proxy.ts: 4ms, application-code: 349ms)
 GET /cha/customers/new 200 in 367ms (next.js: 7ms, proxy.ts: 4ms, application-code: 356ms)
 GET /cha/customers/new 200 in 280ms (next.js: 13ms, proxy.ts: 11ms, application-code: 256ms)
 GET /cha/customers/new 200 in 361ms (next.js: 49ms, proxy.ts: 6ms, application-code: 306ms)
 GET /cha/customers/new 200 in 327ms (next.js: 19ms, proxy.ts: 42ms, application-code: 266ms)
 GET /cha/customers/new 200 in 294ms (next.js: 10ms, proxy.ts: 8ms, application-code: 276ms)
 GET /cha/customers/new 200 in 445ms (next.js: 11ms, proxy.ts: 6ms, application-code: 429ms)
 GET /cha/customers/new 200 in 362ms (next.js: 29ms, proxy.ts: 36ms, application-code: 298ms)
 GET /cha/customers/new 200 in 369ms (next.js: 8ms, proxy.ts: 5ms, application-code: 357ms)
 GET /cha/customers/new 200 in 326ms (next.js: 6ms, proxy.ts: 3ms, application-code: 318ms)
 GET /cha/customers/new 200 in 366ms (next.js: 8ms, proxy.ts: 8ms, application-code: 350ms)
 GET /cha/customers/new 200 in 389ms (next.js: 30ms, proxy.ts: 14ms, application-code: 344ms)
 GET /cha/customers/new 200 in 390ms (next.js: 55ms, proxy.ts: 14ms, application-code: 321ms)
 GET /cha/customers/new 200 in 381ms (next.js: 50ms, proxy.ts: 4ms, application-code: 327ms)
 GET /cha/customers/new 200 in 384ms (next.js: 21ms, proxy.ts: 5ms, application-code: 358ms)
 GET /cha/customers/new 200 in 374ms (next.js: 5ms, proxy.ts: 3ms, application-code: 365ms)
 GET /cha/customers/new 200 in 313ms (next.js: 6ms, proxy.ts: 4ms, application-code: 303ms)
 GET /cha/customers/new 200 in 369ms (next.js: 8ms, proxy.ts: 6ms, application-code: 355ms)
 GET /cha/customers/new 200 in 368ms (next.js: 40ms, proxy.ts: 5ms, application-code: 322ms)
 GET /cha/customers/new 200 in 345ms (next.js: 46ms, proxy.ts: 7ms, application-code: 292ms)
 GET /cha/customers/new 200 in 347ms (next.js: 19ms, proxy.ts: 7ms, application-code: 322ms)
 GET /cha/customers/new 200 in 348ms (next.js: 7ms, proxy.ts: 4ms, application-code: 338ms)
 GET /cha/customers/new 200 in 378ms (next.js: 27ms, proxy.ts: 9ms, application-code: 342ms)
 GET /cha/customers/new 200 in 342ms (next.js: 36ms, proxy.ts: 5ms, application-code: 302ms)
 GET /cha/customers/new 200 in 344ms (next.js: 7ms, proxy.ts: 5ms, application-code: 332ms)
 GET /cha/customers/new 200 in 350ms (next.js: 38ms, proxy.ts: 4ms, application-code: 308ms)
 GET /cha/customers/new 200 in 352ms (next.js: 7ms, proxy.ts: 4ms, application-code: 341ms)
 GET /cha/customers/new 200 in 353ms (next.js: 7ms, proxy.ts: 3ms, application-code: 343ms)
 GET /cha/customers/new 200 in 351ms (next.js: 5ms, proxy.ts: 3ms, application-code: 343ms)
 GET /cha/customers/new 200 in 359ms (next.js: 7ms, proxy.ts: 4ms, application-code: 347ms)
 GET /cha/customers/new 200 in 360ms (next.js: 41ms, proxy.ts: 4ms, application-code: 315ms)
 GET /cha/customers/new 200 in 355ms (next.js: 16ms, proxy.ts: 6ms, application-code: 333ms)
 GET /cha/customers/new 200 in 355ms (next.js: 48ms, proxy.ts: 6ms, application-code: 301ms)
 GET /cha/customers/new 200 in 357ms (next.js: 7ms, proxy.ts: 4ms, application-code: 346ms)
 GET /cha/customers/new 200 in 291ms (next.js: 7ms, proxy.ts: 3ms, application-code: 282ms)
 GET /cha/customers/new 200 in 350ms (next.js: 7ms, proxy.ts: 5ms, application-code: 338ms)
 GET /cha/customers/new 200 in 350ms (next.js: 39ms, proxy.ts: 5ms, application-code: 306ms)
 GET /cha/customers/new 200 in 352ms (next.js: 13ms, proxy.ts: 6ms, application-code: 333ms)
 GET /cha/customers/new 200 in 352ms (next.js: 41ms, proxy.ts: 6ms, application-code: 304ms)
 GET /cha/customers/new 200 in 365ms (next.js: 7ms, proxy.ts: 3ms, application-code: 355ms)
 GET /cha/customers/new 200 in 392ms (next.js: 24ms, proxy.ts: 11ms, application-code: 357ms)
 GET /cha/customers/new 200 in 411ms (next.js: 38ms, proxy.ts: 7ms, application-code: 365ms)
 GET /cha/customers/new 200 in 413ms (next.js: 7ms, proxy.ts: 7ms, application-code: 399ms)
 GET /cha/customers/new 200 in 495ms (next.js: 52ms, proxy.ts: 6ms, application-code: 437ms)
 GET /cha/customers/new 200 in 498ms (next.js: 11ms, proxy.ts: 5ms, application-code: 481ms)
 GET /cha/customers/new 200 in 368ms (next.js: 7ms, proxy.ts: 3ms, application-code: 358ms)
 GET /cha/customers/new 200 in 435ms (next.js: 6ms, proxy.ts: 3ms, application-code: 427ms)
 GET /cha/customers/new 200 in 637ms (next.js: 43ms, proxy.ts: 5ms, application-code: 588ms)
 GET /cha/customers/new 200 in 641ms (next.js: 8ms, proxy.ts: 7ms, application-code: 625ms)
 GET /cha/customers/new 200 in 942ms (next.js: 229ms, proxy.ts: 5ms, application-code: 708ms)
 GET /cha/customers/new 200 in 900ms (next.js: 83ms, proxy.ts: 4ms, application-code: 813ms)
 GET /cha/customers/new 200 in 956ms (next.js: 161ms, proxy.ts: 5ms, application-code: 789ms)
 GET /cha/customers/new 200 in 993ms (next.js: 153ms, proxy.ts: 3ms, application-code: 837ms)
 GET /cha/customers/new 200 in 779ms (next.js: 291ms, proxy.ts: 55ms, application-code: 433ms)
 GET /cha/customers/new 200 in 342ms (next.js: 8ms, proxy.ts: 5ms, application-code: 328ms)
 GET /cha/customers/new 200 in 849ms (next.js: 351ms, proxy.ts: 56ms, application-code: 441ms)
 GET /cha/customers/new 200 in 446ms (next.js: 46ms, proxy.ts: 5ms, application-code: 395ms)
 GET /cha/customers/new 200 in 372ms (next.js: 10ms, proxy.ts: 12ms, application-code: 350ms)
 GET /cha/customers/new 200 in 493ms (next.js: 68ms, proxy.ts: 7ms, application-code: 418ms)
 GET /cha/customers/new 200 in 304ms (next.js: 47ms, proxy.ts: 5ms, application-code: 252ms)
 GET /cha/customers/new 200 in 375ms (next.js: 7ms, proxy.ts: 3ms, application-code: 365ms)
 GET /cha/customers/new 200 in 306ms (next.js: 9ms, proxy.ts: 5ms, application-code: 292ms)
 GET /cha/customers/new 200 in 392ms (next.js: 9ms, proxy.ts: 3ms, application-code: 380ms)
 GET /cha/customers/new 200 in 434ms (next.js: 19ms, proxy.ts: 27ms, application-code: 388ms)
 GET /cha/customers/new 200 in 337ms (next.js: 7ms, proxy.ts: 3ms, application-code: 327ms)
 GET /cha/customers/new 200 in 414ms (next.js: 9ms, proxy.ts: 8ms, application-code: 397ms)
 GET /cha/customers/new 200 in 414ms (next.js: 45ms, proxy.ts: 7ms, application-code: 362ms)
 GET /cha/customers/new 200 in 426ms (next.js: 90ms, proxy.ts: 7ms, application-code: 329ms)
 GET /cha/customers/new 200 in 359ms (next.js: 9ms, proxy.ts: 4ms, application-code: 346ms)
 GET /cha/customers/new 200 in 405ms (next.js: 9ms, proxy.ts: 4ms, application-code: 392ms)
 GET /cha/customers/new 200 in 405ms (next.js: 42ms, proxy.ts: 4ms, application-code: 359ms)
 GET /cha/customers/new 200 in 376ms (next.js: 9ms, proxy.ts: 8ms, application-code: 359ms)
 GET /cha/customers/new 200 in 376ms (next.js: 39ms, proxy.ts: 7ms, application-code: 330ms)
 GET /cha/customers/new 200 in 398ms (next.js: 13ms, proxy.ts: 8ms, application-code: 377ms)
 GET /cha/customers/new 200 in 395ms (next.js: 10ms, proxy.ts: 23ms, application-code: 361ms)
 GET /cha/customers/new 200 in 366ms (next.js: 11ms, proxy.ts: 6ms, application-code: 350ms)
 GET /cha/customers/new 200 in 368ms (next.js: 45ms, proxy.ts: 6ms, application-code: 318ms)
 GET /cha/customers/new 200 in 371ms (next.js: 8ms, proxy.ts: 4ms, application-code: 358ms)
 GET /cha/customers/new 200 in 371ms (next.js: 34ms, proxy.ts: 4ms, application-code: 333ms)
 GET /cha/customers/new 200 in 380ms (next.js: 8ms, proxy.ts: 3ms, application-code: 369ms)
 GET /cha/customers/new 200 in 394ms (next.js: 7ms, proxy.ts: 4ms, application-code: 382ms)
 GET /cha/customers/new 200 in 383ms (next.js: 47ms, proxy.ts: 5ms, application-code: 331ms)
 GET /cha/customers/new 200 in 388ms (next.js: 11ms, proxy.ts: 6ms, application-code: 370ms)
 GET /cha/customers/new 200 in 381ms (next.js: 44ms, proxy.ts: 4ms, application-code: 333ms)
 GET /cha/customers/new 200 in 385ms (next.js: 8ms, proxy.ts: 4ms, application-code: 373ms)
 GET /cha/customers/new 200 in 384ms (next.js: 6ms, proxy.ts: 3ms, application-code: 374ms)
 GET /cha/customers/new 200 in 383ms (next.js: 6ms, proxy.ts: 3ms, application-code: 373ms)
 GET /cha/customers/new 200 in 383ms (next.js: 10ms, proxy.ts: 6ms, application-code: 367ms)
 GET /cha/customers/new 200 in 385ms (next.js: 45ms, proxy.ts: 6ms, application-code: 335ms)
 GET /cha/customers/new 200 in 369ms (next.js: 9ms, proxy.ts: 6ms, application-code: 354ms)
 GET /cha/customers/new 200 in 367ms (next.js: 43ms, proxy.ts: 5ms, application-code: 319ms)
 GET /cha/customers/new 200 in 368ms (next.js: 7ms, proxy.ts: 3ms, application-code: 358ms)
 GET /cha/customers/new 200 in 381ms (next.js: 8ms, proxy.ts: 3ms, application-code: 370ms)
 GET /cha/customers/new 200 in 370ms (next.js: 8ms, proxy.ts: 5ms, application-code: 357ms)
 GET /cha/customers/new 200 in 369ms (next.js: 42ms, proxy.ts: 4ms, application-code: 322ms)
 GET /cha/customers/new 200 in 368ms (next.js: 46ms, proxy.ts: 4ms, application-code: 319ms)
 GET /cha/customers/new 200 in 371ms (next.js: 9ms, proxy.ts: 4ms, application-code: 357ms)
 GET /cha/customers/new 200 in 359ms (next.js: 7ms, proxy.ts: 3ms, application-code: 349ms)
 GET /cha/customers/new 200 in 344ms (next.js: 7ms, proxy.ts: 3ms, application-code: 334ms)
 GET /cha/customers/new 200 in 360ms (next.js: 8ms, proxy.ts: 4ms, application-code: 349ms)
 GET /cha/customers/new 200 in 361ms (next.js: 43ms, proxy.ts: 4ms, application-code: 314ms)
 GET /cha/customers/new 200 in 410ms (next.js: 37ms, proxy.ts: 4ms, application-code: 370ms)
 GET /cha/customers/new 200 in 413ms (next.js: 7ms, proxy.ts: 4ms, application-code: 401ms)
 GET /cha/customers/new 200 in 421ms (next.js: 6ms, proxy.ts: 3ms, application-code: 413ms)
 GET /cha/customers/new 200 in 427ms (next.js: 6ms, proxy.ts: 4ms, application-code: 418ms)
 GET /cha/customers/new 200 in 446ms (next.js: 15ms, proxy.ts: 7ms, application-code: 424ms)
 GET /cha/customers/new 200 in 447ms (next.js: 48ms, proxy.ts: 7ms, application-code: 392ms)
 GET /cha/customers/new 200 in 415ms (next.js: 41ms, proxy.ts: 6ms, application-code: 368ms)
 GET /cha/customers/new 200 in 419ms (next.js: 7ms, proxy.ts: 6ms, application-code: 406ms)
 GET /cha/customers/new 200 in 315ms (next.js: 7ms, proxy.ts: 3ms, application-code: 306ms)
 GET /cha/customers/new 200 in 415ms (next.js: 9ms, proxy.ts: 4ms, application-code: 403ms)
 GET /cha/customers/new 200 in 381ms (next.js: 10ms, proxy.ts: 18ms, application-code: 353ms)
 GET /cha/customers/new 200 in 374ms (next.js: 44ms, proxy.ts: 13ms, application-code: 318ms)
 GET /cha/customers/new 200 in 396ms (next.js: 10ms, proxy.ts: 6ms, application-code: 380ms)
 GET /cha/customers/new 200 in 395ms (next.js: 46ms, proxy.ts: 5ms, application-code: 344ms)
 GET /cha/customers/new 200 in 493ms (next.js: 18ms, proxy.ts: 80ms, application-code: 396ms)
 GET /cha/customers/new 200 in 387ms (next.js: 6ms, proxy.ts: 5ms, application-code: 376ms)
 GET /cha/customers/new 200 in 377ms (next.js: 61ms, proxy.ts: 9ms, application-code: 308ms)
 GET /cha/customers/new 200 in 382ms (next.js: 28ms, proxy.ts: 9ms, application-code: 344ms)
 GET /cha/customers/new 200 in 469ms (next.js: 9ms, proxy.ts: 5ms, application-code: 455ms)
 GET /cha/customers/new 200 in 470ms (next.js: 42ms, proxy.ts: 5ms, application-code: 422ms)
 GET /cha/customers/new 200 in 475ms (next.js: 7ms, proxy.ts: 4ms, application-code: 464ms)
 GET /cha/customers/new 200 in 465ms (next.js: 6ms, proxy.ts: 3ms, application-code: 456ms)
 GET /cha/customers/new 200 in 476ms (next.js: 32ms, proxy.ts: 5ms, application-code: 439ms)
 GET /cha/customers/new 200 in 482ms (next.js: 9ms, proxy.ts: 6ms, application-code: 467ms)
 GET /cha/customers/new 200 in 356ms (next.js: 7ms, proxy.ts: 6ms, application-code: 343ms)
 GET /cha/customers/new 200 in 357ms (next.js: 41ms, proxy.ts: 6ms, application-code: 310ms)
 GET /cha/customers/new 200 in 348ms (next.js: 5ms, proxy.ts: 3ms, application-code: 339ms)
 GET /cha/customers/new 200 in 369ms (next.js: 6ms, proxy.ts: 4ms, application-code: 359ms)
 GET /cha/customers/new 200 in 365ms (next.js: 11ms, proxy.ts: 5ms, application-code: 349ms)
 GET /cha/customers/new 200 in 364ms (next.js: 43ms, proxy.ts: 6ms, application-code: 316ms)
 GET /cha/customers/new 200 in 360ms (next.js: 8ms, proxy.ts: 6ms, application-code: 346ms)
 GET /cha/customers/new 200 in 360ms (next.js: 43ms, proxy.ts: 6ms, application-code: 312ms)
 GET /cha/customers/new 200 in 365ms (next.js: 7ms, proxy.ts: 9ms, application-code: 349ms)
 GET /cha/customers/new 200 in 371ms (next.js: 6ms, proxy.ts: 4ms, application-code: 361ms)
 GET /cha/customers/new 200 in 374ms (next.js: 7ms, proxy.ts: 5ms, application-code: 362ms)
 GET /cha/customers/new 200 in 377ms (next.js: 42ms, proxy.ts: 5ms, application-code: 330ms)
 GET /cha/customers/new 200 in 388ms (next.js: 6ms, proxy.ts: 5ms, application-code: 377ms)
 GET /cha/customers/new 200 in 391ms (next.js: 41ms, proxy.ts: 5ms, application-code: 345ms)
 GET /cha/customers/new 200 in 405ms (next.js: 7ms, proxy.ts: 4ms, application-code: 394ms)
 GET /cha/customers/new 200 in 382ms (next.js: 8ms, proxy.ts: 3ms, application-code: 372ms)
 GET /cha/customers/new 200 in 293ms (next.js: 8ms, proxy.ts: 5ms, application-code: 280ms)
 GET /cha/customers/new 200 in 293ms (next.js: 44ms, proxy.ts: 4ms, application-code: 245ms)
 GET /cha/customers/new 200 in 372ms (next.js: 10ms, proxy.ts: 6ms, application-code: 356ms)
 GET /cha/customers/new 200 in 407ms (next.js: 39ms, proxy.ts: 5ms, application-code: 363ms)
 GET /cha/customers/new 200 in 293ms (next.js: 8ms, proxy.ts: 3ms, application-code: 281ms)
 GET /cha/customers/new 200 in 379ms (next.js: 82ms, proxy.ts: 18ms, application-code: 279ms)
 GET /cha/customers/new 200 in 386ms (next.js: 22ms, proxy.ts: 7ms, application-code: 357ms)
 GET /cha/customers/new 200 in 384ms (next.js: 46ms, proxy.ts: 18ms, application-code: 321ms)
 GET /cha/customers/new 200 in 354ms (next.js: 7ms, proxy.ts: 3ms, application-code: 344ms)
 GET /cha/customers/new 200 in 370ms (next.js: 8ms, proxy.ts: 6ms, application-code: 356ms)
 GET /cha/customers/new 200 in 370ms (next.js: 35ms, proxy.ts: 5ms, application-code: 330ms)
 GET /cha/customers/new 200 in 389ms (next.js: 73ms, proxy.ts: 11ms, application-code: 306ms)
 GET /cha/customers/new 200 in 388ms (next.js: 39ms, proxy.ts: 9ms, application-code: 340ms)
 GET /cha/customers/new 200 in 395ms (next.js: 8ms, proxy.ts: 11ms, application-code: 376ms)
 GET /cha/customers/new 200 in 352ms (next.js: 7ms, proxy.ts: 5ms, application-code: 340ms)
 GET /cha/customers/new 200 in 386ms (next.js: 10ms, proxy.ts: 6ms, application-code: 370ms)
 GET /cha/customers/new 200 in 459ms (next.js: 46ms, proxy.ts: 5ms, application-code: 407ms)
 GET /cha/customers/new 200 in 347ms (next.js: 9ms, proxy.ts: 6ms, application-code: 332ms)
 GET /cha/customers/new 200 in 349ms (next.js: 39ms, proxy.ts: 5ms, application-code: 304ms)
 GET /cha/customers/new 200 in 364ms (next.js: 63ms, proxy.ts: 4ms, application-code: 298ms)
 GET /cha/customers/new 200 in 392ms (next.js: 7ms, proxy.ts: 3ms, application-code: 382ms)
 GET /cha/customers/new 200 in 312ms (next.js: 15ms, proxy.ts: 9ms, application-code: 289ms)
 GET /cha/customers/new 200 in 319ms (next.js: 7ms, proxy.ts: 3ms, application-code: 308ms)
 GET /cha/customers/new 200 in 368ms (next.js: 12ms, proxy.ts: 13ms, application-code: 343ms)
 GET /cha/customers/new 200 in 355ms (next.js: 53ms, proxy.ts: 44ms, application-code: 258ms)
 GET /cha/customers/new 200 in 365ms (next.js: 52ms, proxy.ts: 11ms, application-code: 302ms)
 GET /cha/customers/new 200 in 397ms (next.js: 9ms, proxy.ts: 3ms, application-code: 385ms)
 GET /cha/customers/new 200 in 421ms (next.js: 10ms, proxy.ts: 8ms, application-code: 403ms)
 GET /cha/customers/new 200 in 377ms (next.js: 22ms, proxy.ts: 12ms, application-code: 343ms)
 GET /cha/customers/new 200 in 417ms (next.js: 102ms, proxy.ts: 9ms, application-code: 306ms)
 GET /cha/customers/new 200 in 423ms (next.js: 13ms, proxy.ts: 9ms, application-code: 401ms)
 GET /cha/customers/new 200 in 511ms (next.js: 63ms, proxy.ts: 9ms, application-code: 440ms)
 GET /cha/customers/new 200 in 333ms (next.js: 9ms, proxy.ts: 3ms, application-code: 320ms)
 GET /cha/customers/new 200 in 424ms (next.js: 48ms, proxy.ts: 5ms, application-code: 372ms)
 GET /cha/customers/new 200 in 432ms (next.js: 8ms, proxy.ts: 8ms, application-code: 415ms)
 GET /cha/customers/new 200 in 383ms (next.js: 11ms, proxy.ts: 5ms, application-code: 367ms)
 GET /cha/customers/new 200 in 403ms (next.js: 45ms, proxy.ts: 4ms, application-code: 353ms)
 GET /cha/customers/new 200 in 446ms (next.js: 11ms, proxy.ts: 11ms, application-code: 423ms)
 GET /cha/customers/new 200 in 438ms (next.js: 16ms, proxy.ts: 38ms, application-code: 384ms)
 GET /cha/customers/new 200 in 362ms (next.js: 11ms, proxy.ts: 9ms, application-code: 342ms)
 GET /cha/customers/new 200 in 362ms (next.js: 48ms, proxy.ts: 8ms, application-code: 306ms)
 GET /cha/customers/new 200 in 355ms (next.js: 19ms, proxy.ts: 10ms, application-code: 326ms)
 GET /cha/customers/new 200 in 343ms (next.js: 12ms, proxy.ts: 53ms, application-code: 277ms)
 GET /cha/customers/new 200 in 351ms (next.js: 9ms, proxy.ts: 5ms, application-code: 338ms)
 GET /cha/customers/new 200 in 312ms (next.js: 17ms, proxy.ts: 17ms, application-code: 278ms)
 GET /cha/customers/new 200 in 311ms (next.js: 50ms, proxy.ts: 16ms, application-code: 245ms)
 GET /cha/customers/new 200 in 519ms (next.js: 14ms, proxy.ts: 31ms, application-code: 475ms)
 GET /cha/customers/new 200 in 391ms (next.js: 9ms, proxy.ts: 6ms, application-code: 376ms)
 GET /cha/customers/new 200 in 391ms (next.js: 45ms, proxy.ts: 5ms, application-code: 341ms)
 GET /cha/customers/new 200 in 373ms (next.js: 6ms, proxy.ts: 3ms, application-code: 364ms)
 GET /cha/customers/new 200 in 392ms (next.js: 43ms, proxy.ts: 6ms, application-code: 343ms)
 GET /cha/customers/new 200 in 402ms (next.js: 8ms, proxy.ts: 6ms, application-code: 388ms)
 GET /cha/customers/new 200 in 407ms (next.js: 6ms, proxy.ts: 4ms, application-code: 397ms)
 GET /cha/customers/new 200 in 423ms (next.js: 43ms, proxy.ts: 5ms, application-code: 376ms)
 GET /cha/customers/new 200 in 428ms (next.js: 9ms, proxy.ts: 6ms, application-code: 412ms)
 GET /cha/customers/new 200 in 314ms (next.js: 15ms, proxy.ts: 5ms, application-code: 293ms)
 GET /cha/customers/new 200 in 425ms (next.js: 25ms, proxy.ts: 46ms, application-code: 355ms)
 GET /cha/customers/new 200 in 438ms (next.js: 11ms, proxy.ts: 7ms, application-code: 421ms)
 GET /cha/customers/new 200 in 435ms (next.js: 8ms, proxy.ts: 26ms, application-code: 402ms)
 GET /cha/customers/new 200 in 435ms (next.js: 47ms, proxy.ts: 8ms, application-code: 380ms)
 GET /cha/customers/new 200 in 438ms (next.js: 10ms, proxy.ts: 8ms, application-code: 420ms)
 GET /cha/customers/new 200 in 439ms (next.js: 20ms, proxy.ts: 79ms, application-code: 340ms)
 GET /cha/customers/new 200 in 432ms (next.js: 12ms, proxy.ts: 7ms, application-code: 412ms)
 GET /cha/customers/new 200 in 430ms (next.js: 57ms, proxy.ts: 6ms, application-code: 368ms)
 GET /cha/customers/new 200 in 411ms (next.js: 19ms, proxy.ts: 25ms, application-code: 367ms)
 GET /cha/customers/new 200 in 460ms (next.js: 43ms, proxy.ts: 6ms, application-code: 411ms)
 GET /cha/customers/new 200 in 463ms (next.js: 10ms, proxy.ts: 6ms, application-code: 446ms)
 GET /cha/customers/new 200 in 382ms (next.js: 32ms, proxy.ts: 15ms, application-code: 334ms)
 GET /cha/customers/new 200 in 435ms (next.js: 12ms, proxy.ts: 7ms, application-code: 416ms)
 GET /cha/customers/new 200 in 436ms (next.js: 51ms, proxy.ts: 7ms, application-code: 377ms)
 GET /cha/customers/new 200 in 427ms (next.js: 8ms, proxy.ts: 4ms, application-code: 416ms)
 GET /cha/customers/new 200 in 451ms (next.js: 86ms, proxy.ts: 9ms, application-code: 356ms)
 GET /cha/customers/new 200 in 456ms (next.js: 49ms, proxy.ts: 10ms, application-code: 398ms)
 GET /cha/customers/new 200 in 459ms (next.js: 9ms, proxy.ts: 10ms, application-code: 440ms)
 GET /cha/customers/new 200 in 430ms (next.js: 10ms, proxy.ts: 6ms, application-code: 413ms)
 GET /cha/customers/new 200 in 452ms (next.js: 51ms, proxy.ts: 6ms, application-code: 394ms)
 GET /cha/customers/new 200 in 466ms (next.js: 7ms, proxy.ts: 7ms, application-code: 452ms)
 GET /cha/customers/new 200 in 432ms (next.js: 13ms, proxy.ts: 13ms, application-code: 405ms)
 GET /cha/customers/new 200 in 560ms (next.js: 83ms, proxy.ts: 12ms, application-code: 465ms)
 GET /cha/customers/new 200 in 614ms (next.js: 51ms, proxy.ts: 14ms, application-code: 549ms)
 GET /cha/customers/new 200 in 552ms (next.js: 15ms, proxy.ts: 18ms, application-code: 520ms)
 GET /cha/customers/new 200 in 573ms (next.js: 9ms, proxy.ts: 46ms, application-code: 518ms)
 GET /cha/customers/new 200 in 638ms (next.js: 29ms, proxy.ts: 16ms, application-code: 592ms)
 GET /cha/customers/new 200 in 620ms (next.js: 29ms, proxy.ts: 16ms, application-code: 575ms)
 GET /cha/customers/new 200 in 548ms (next.js: 10ms, proxy.ts: 34ms, application-code: 505ms)
 GET /cha/customers/new 200 in 519ms (next.js: 123ms, proxy.ts: 5ms, application-code: 391ms)
 GET /cha/customers/new 200 in 464ms (next.js: 17ms, proxy.ts: 20ms, application-code: 426ms)
 GET /cha/customers/new 200 in 456ms (next.js: 54ms, proxy.ts: 14ms, application-code: 388ms)
 GET /cha/customers/new 200 in 468ms (next.js: 20ms, proxy.ts: 6ms, application-code: 441ms)
 GET /cha/customers/new 200 in 422ms (next.js: 11ms, proxy.ts: 4ms, application-code: 407ms)
 GET /cha/customers/new 200 in 337ms (next.js: 46ms, proxy.ts: 5ms, application-code: 287ms)
 GET /cha/customers/new 200 in 343ms (next.js: 9ms, proxy.ts: 5ms, application-code: 329ms)
 GET /cha/customers/new 200 in 398ms (next.js: 41ms, proxy.ts: 5ms, application-code: 351ms)
 GET /cha/customers/new 200 in 404ms (next.js: 8ms, proxy.ts: 7ms, application-code: 388ms)
 GET /cha/customers/new 200 in 366ms (next.js: 7ms, proxy.ts: 9ms, application-code: 350ms)
 GET /cha/customers/new 200 in 456ms (next.js: 22ms, proxy.ts: 44ms, application-code: 390ms)
 GET /cha/customers/new 200 in 509ms (next.js: 11ms, proxy.ts: 4ms, application-code: 493ms)
 GET /cha/customers/new 200 in 475ms (next.js: 64ms, proxy.ts: 13ms, application-code: 398ms)
 GET /cha/customers/new 200 in 465ms (next.js: 8ms, proxy.ts: 7ms, application-code: 450ms)
 GET /cha/customers/new 200 in 533ms (next.js: 45ms, proxy.ts: 5ms, application-code: 483ms)
 GET /cha/customers/new 200 in 630ms (next.js: 43ms, proxy.ts: 8ms, application-code: 579ms)
 GET /cha/customers/new 200 in 807ms (next.js: 10ms, proxy.ts: 8ms, application-code: 788ms)
 GET /cha/customers/new 200 in 812ms (next.js: 45ms, proxy.ts: 8ms, application-code: 759ms)
 GET /cha/customers/new 200 in 814ms (next.js: 104ms, proxy.ts: 6ms, application-code: 704ms)
 GET /cha/customers/new 200 in 755ms (next.js: 61ms, proxy.ts: 17ms, application-code: 678ms)
 GET /cha/customers/new 200 in 834ms (next.js: 22ms, proxy.ts: 74ms, application-code: 738ms)
 GET /cha/customers/new 200 in 401ms (next.js: 8ms, proxy.ts: 7ms, application-code: 386ms)
 GET /cha/customers/new 200 in 453ms (next.js: 14ms, proxy.ts: 13ms, application-code: 425ms)
 GET /cha/customers/new 200 in 499ms (next.js: 86ms, proxy.ts: 10ms, application-code: 403ms)
 GET /cha/customers/new 200 in 482ms (next.js: 16ms, proxy.ts: 8ms, application-code: 458ms)
 GET /cha/customers/new 200 in 734ms (next.js: 50ms, proxy.ts: 12ms, application-code: 672ms)
 GET /cha/customers/new 200 in 574ms (next.js: 52ms, proxy.ts: 7ms, application-code: 515ms)
 GET /cha/customers/new 200 in 604ms (next.js: 27ms, proxy.ts: 7ms, application-code: 570ms)
 GET /cha/customers/new 200 in 500ms (next.js: 153ms, proxy.ts: 9ms, application-code: 337ms)
 GET /cha/customers/new 200 in 559ms (next.js: 22ms, proxy.ts: 13ms, application-code: 524ms)
 GET /cha/customers/new 200 in 369ms (next.js: 85ms, proxy.ts: 14ms, application-code: 270ms)
 GET /cha/customers/new 200 in 371ms (next.js: 52ms, proxy.ts: 13ms, application-code: 306ms)
 GET /cha/customers/new 200 in 383ms (next.js: 18ms, proxy.ts: 12ms, application-code: 352ms)
 GET /cha/customers/new 200 in 428ms (next.js: 10ms, proxy.ts: 5ms, application-code: 413ms)
 GET /cha/customers/new 200 in 356ms (next.js: 8ms, proxy.ts: 4ms, application-code: 343ms)
 GET /cha/customers/new 200 in 368ms (next.js: 13ms, proxy.ts: 9ms, application-code: 346ms)
 GET /cha/customers/new 200 in 412ms (next.js: 62ms, proxy.ts: 41ms, application-code: 309ms)
 GET /cha/customers/new 200 in 365ms (next.js: 17ms, proxy.ts: 88ms, application-code: 260ms)
 GET /cha/customers/new 200 in 497ms (next.js: 24ms, proxy.ts: 41ms, application-code: 432ms)
 GET /cha/customers/new 200 in 308ms (next.js: 13ms, proxy.ts: 5ms, application-code: 290ms)
 GET /cha/customers/new 200 in 364ms (next.js: 7ms, proxy.ts: 4ms, application-code: 354ms)
 GET /cha/customers/new 200 in 360ms (next.js: 7ms, proxy.ts: 4ms, application-code: 349ms)
 GET /cha/customers/new 200 in 310ms (next.js: 11ms, proxy.ts: 5ms, application-code: 294ms)
 GET /cha/customers/new 200 in 311ms (next.js: 40ms, proxy.ts: 5ms, application-code: 265ms)
 GET /cha/customers/new 200 in 361ms (next.js: 17ms, proxy.ts: 10ms, application-code: 334ms)
 GET /cha/customers/new 200 in 431ms (next.js: 25ms, proxy.ts: 13ms, application-code: 392ms)
 GET /cha/customers/new 200 in 290ms (next.js: 9ms, proxy.ts: 5ms, application-code: 276ms)
 GET /cha/customers/new 200 in 404ms (next.js: 12ms, proxy.ts: 10ms, application-code: 382ms)
 GET /cha/customers/new 200 in 435ms (next.js: 59ms, proxy.ts: 48ms, application-code: 329ms)
 GET /cha/customers/new 200 in 437ms (next.js: 17ms, proxy.ts: 43ms, application-code: 377ms)
 GET /cha/customers/new 200 in 365ms (next.js: 11ms, proxy.ts: 7ms, application-code: 347ms)
 GET /cha/customers/new 200 in 363ms (next.js: 39ms, proxy.ts: 6ms, application-code: 318ms)
 GET /cha/customers/new 200 in 381ms (next.js: 18ms, proxy.ts: 13ms, application-code: 350ms)
 GET /cha/customers/new 200 in 313ms (next.js: 6ms, proxy.ts: 3ms, application-code: 303ms)
 GET /cha/customers/new 200 in 359ms (next.js: 12ms, proxy.ts: 16ms, application-code: 331ms)
 GET /cha/customers/new 200 in 359ms (next.js: 40ms, proxy.ts: 16ms, application-code: 304ms)
 GET /cha/customers/new 200 in 364ms (next.js: 45ms, proxy.ts: 7ms, application-code: 312ms)
 GET /cha/customers/new 200 in 364ms (next.js: 15ms, proxy.ts: 6ms, application-code: 342ms)
 GET /cha/customers/new 200 in 398ms (next.js: 8ms, proxy.ts: 4ms, application-code: 387ms)
 GET /cha/customers/new 200 in 353ms (next.js: 16ms, proxy.ts: 16ms, application-code: 322ms)
 GET /cha/customers/new 200 in 420ms (next.js: 13ms, proxy.ts: 7ms, application-code: 399ms)
 GET /cha/customers/new 200 in 421ms (next.js: 44ms, proxy.ts: 8ms, application-code: 369ms)
 GET /cha/customers/new 200 in 424ms (next.js: 64ms, proxy.ts: 7ms, application-code: 353ms)
 GET /cha/customers/new 200 in 427ms (next.js: 26ms, proxy.ts: 7ms, application-code: 394ms)
 GET /cha/customers/new 200 in 397ms (next.js: 12ms, proxy.ts: 4ms, application-code: 381ms)
 GET /cha/customers/new 200 in 394ms (next.js: 25ms, proxy.ts: 46ms, application-code: 323ms)
 GET /cha/customers/new 200 in 359ms (next.js: 10ms, proxy.ts: 9ms, application-code: 340ms)
 GET /cha/customers/new 200 in 357ms (next.js: 46ms, proxy.ts: 6ms, application-code: 305ms)
 GET /cha/customers/new 200 in 326ms (next.js: 35ms, proxy.ts: 15ms, application-code: 275ms)
 GET /cha/customers/new 200 in 328ms (next.js: 9ms, proxy.ts: 16ms, application-code: 304ms)
 GET /cha/customers/new 200 in 400ms (next.js: 8ms, proxy.ts: 5ms, application-code: 387ms)
 GET /cha/customers/new 200 in 396ms (next.js: 15ms, proxy.ts: 31ms, application-code: 350ms)
 GET /cha/customers/new 200 in 387ms (next.js: 49ms, proxy.ts: 3ms, application-code: 334ms)
 GET /cha/customers/new 200 in 390ms (next.js: 8ms, proxy.ts: 4ms, application-code: 378ms)
 GET /cha/customers/new 200 in 410ms (next.js: 10ms, proxy.ts: 6ms, application-code: 394ms)
 GET /cha/customers/new 200 in 484ms (next.js: 43ms, proxy.ts: 5ms, application-code: 436ms)
 GET /cha/customers/new 200 in 369ms (next.js: 40ms, proxy.ts: 5ms, application-code: 324ms)
 GET /cha/customers/new 200 in 403ms (next.js: 7ms, proxy.ts: 5ms, application-code: 391ms)
 GET /cha/customers/new 200 in 415ms (next.js: 45ms, proxy.ts: 6ms, application-code: 364ms)
 GET /cha/customers/new 200 in 340ms (next.js: 23ms, proxy.ts: 6ms, application-code: 311ms)
 GET /cha/customers/new 200 in 267ms (next.js: 8ms, proxy.ts: 4ms, application-code: 255ms)
 GET /cha/customers/new 200 in 370ms (next.js: 13ms, proxy.ts: 21ms, application-code: 336ms)
 GET /cha/customers/new 200 in 348ms (next.js: 17ms, proxy.ts: 38ms, application-code: 293ms)
 GET /cha/customers/new 200 in 739ms (next.js: 9ms, proxy.ts: 6ms, application-code: 724ms)
 GET /cha/customers/new 200 in 322ms (next.js: 8ms, proxy.ts: 3ms, application-code: 311ms)
 GET /cha/customers/new 200 in 353ms (next.js: 8ms, proxy.ts: 5ms, application-code: 340ms)
 GET /cha/customers/new 200 in 434ms (next.js: 45ms, proxy.ts: 4ms, application-code: 385ms)
 GET /cha/customers/new 200 in 342ms (next.js: 8ms, proxy.ts: 4ms, application-code: 330ms)
 GET /cha/customers/new 200 in 342ms (next.js: 41ms, proxy.ts: 4ms, application-code: 298ms)
 GET /cha/customers/new 200 in 335ms (next.js: 38ms, proxy.ts: 5ms, application-code: 292ms)
 GET /cha/customers/new 200 in 340ms (next.js: 9ms, proxy.ts: 6ms, application-code: 325ms)
 GET /cha/customers/new 200 in 344ms (next.js: 20ms, proxy.ts: 3ms, application-code: 321ms)
 GET /cha/customers/new 200 in 322ms (next.js: 7ms, proxy.ts: 4ms, application-code: 312ms)
 GET /cha/customers/new 200 in 261ms (next.js: 9ms, proxy.ts: 5ms, application-code: 248ms)
 GET /cha/customers/new 200 in 293ms (next.js: 36ms, proxy.ts: 5ms, application-code: 252ms)
 GET /cha/customers/new 200 in 306ms (next.js: 7ms, proxy.ts: 6ms, application-code: 294ms)
 GET /cha/customers/new 200 in 346ms (next.js: 37ms, proxy.ts: 5ms, application-code: 304ms)
 GET /cha/customers/new 200 in 241ms (next.js: 14ms, proxy.ts: 5ms, application-code: 222ms)
 GET /cha/customers/new 200 in 316ms (next.js: 8ms, proxy.ts: 5ms, application-code: 303ms)
 GET /cha/customers/new 200 in 374ms (next.js: 15ms, proxy.ts: 30ms, application-code: 328ms)
 GET /cha/customers/new 200 in 339ms (next.js: 16ms, proxy.ts: 40ms, application-code: 283ms)
 GET /cha/customers/new 200 in 313ms (next.js: 7ms, proxy.ts: 2ms, application-code: 304ms)
 GET /cha/customers/new 200 in 347ms (next.js: 21ms, proxy.ts: 12ms, application-code: 314ms)
 GET /cha/customers/new 200 in 348ms (next.js: 57ms, proxy.ts: 11ms, application-code: 279ms)
 GET /cha/customers/new 200 in 310ms (next.js: 12ms, proxy.ts: 5ms, application-code: 293ms)
 GET /cha/customers/new 200 in 304ms (next.js: 8ms, proxy.ts: 5ms, application-code: 292ms)
 GET /cha/customers/new 200 in 381ms (next.js: 34ms, proxy.ts: 5ms, application-code: 342ms)
 GET /cha/customers/new 200 in 299ms (next.js: 6ms, proxy.ts: 7ms, application-code: 286ms)
 GET /cha/customers/new 200 in 343ms (next.js: 7ms, proxy.ts: 4ms, application-code: 331ms)
 GET /cha/customers/new 200 in 344ms (next.js: 39ms, proxy.ts: 4ms, application-code: 300ms)
 GET /cha/customers/new 200 in 329ms (next.js: 6ms, proxy.ts: 4ms, application-code: 320ms)
 GET /cha/customers/new 200 in 337ms (next.js: 9ms, proxy.ts: 4ms, application-code: 324ms)
 GET /cha/customers/new 200 in 324ms (next.js: 16ms, proxy.ts: 6ms, application-code: 301ms)
 GET /cha/customers/new 200 in 368ms (next.js: 38ms, proxy.ts: 12ms, application-code: 317ms)
 GET /cha/customers/new 200 in 280ms (next.js: 15ms, proxy.ts: 7ms, application-code: 258ms)
 GET /cha/customers/new 200 in 280ms (next.js: 40ms, proxy.ts: 6ms, application-code: 234ms)
 GET /cha/customers/new 200 in 358ms (next.js: 6ms, proxy.ts: 4ms, application-code: 348ms)
 GET /cha/customers/new 200 in 362ms (next.js: 7ms, proxy.ts: 4ms, application-code: 351ms)
 GET /cha/customers/new 200 in 371ms (next.js: 7ms, proxy.ts: 5ms, application-code: 359ms)
 GET /cha/customers/new 200 in 349ms (next.js: 53ms, proxy.ts: 11ms, application-code: 285ms)
 GET /cha/customers/new 200 in 413ms (next.js: 27ms, proxy.ts: 12ms, application-code: 373ms)
 GET /cha/customers/new 200 in 382ms (next.js: 17ms, proxy.ts: 39ms, application-code: 326ms)
 GET /cha/customers/new 200 in 350ms (next.js: 9ms, proxy.ts: 4ms, application-code: 337ms)
 GET /cha/customers/new 200 in 348ms (next.js: 33ms, proxy.ts: 9ms, application-code: 306ms)
 GET /cha/customers/new 200 in 285ms (next.js: 11ms, proxy.ts: 11ms, application-code: 264ms)
 GET /cha/customers/new 200 in 346ms (next.js: 33ms, proxy.ts: 20ms, application-code: 293ms)
 GET /cha/customers/new 200 in 348ms (next.js: 8ms, proxy.ts: 20ms, application-code: 319ms)
 GET /cha/customers/new 200 in 413ms (next.js: 62ms, proxy.ts: 8ms, application-code: 344ms)
 GET /cha/customers/new 200 in 318ms (next.js: 9ms, proxy.ts: 4ms, application-code: 305ms)
 GET /cha/customers/new 200 in 332ms (next.js: 22ms, proxy.ts: 8ms, application-code: 303ms)
 GET /cha/customers/new 200 in 330ms (next.js: 48ms, proxy.ts: 10ms, application-code: 273ms)
 GET /cha/customers/new 200 in 303ms (next.js: 37ms, proxy.ts: 10ms, application-code: 256ms)
 GET /cha/customers/new 200 in 305ms (next.js: 16ms, proxy.ts: 6ms, application-code: 283ms)
 GET /cha/customers/new 200 in 310ms (next.js: 7ms, proxy.ts: 7ms, application-code: 296ms)
 GET /cha/customers/new 200 in 257ms (next.js: 7ms, proxy.ts: 5ms, application-code: 245ms)
 GET /cha/customers/new 200 in 303ms (next.js: 33ms, proxy.ts: 4ms, application-code: 266ms)
 GET /cha/customers/new 200 in 308ms (next.js: 8ms, proxy.ts: 4ms, application-code: 295ms)
 GET /cha/customers/new 200 in 290ms (next.js: 40ms, proxy.ts: 6ms, application-code: 245ms)
 GET /cha/customers/new 200 in 293ms (next.js: 14ms, proxy.ts: 6ms, application-code: 273ms)
 GET /cha/customers/new 200 in 313ms (next.js: 21ms, proxy.ts: 8ms, application-code: 284ms)
 GET /cha/customers/new 200 in 417ms (next.js: 7ms, proxy.ts: 3ms, application-code: 406ms)
 GET /cha/customers/new 200 in 300ms (next.js: 8ms, proxy.ts: 5ms, application-code: 287ms)
 GET /cha/customers/new 200 in 299ms (next.js: 33ms, proxy.ts: 4ms, application-code: 262ms)
 GET /cha/customers/new 200 in 357ms (next.js: 7ms, proxy.ts: 5ms, application-code: 346ms)
 GET /cha/customers/new 200 in 275ms (next.js: 8ms, proxy.ts: 3ms, application-code: 264ms)
 GET /cha/customers/new 200 in 473ms (next.js: 38ms, proxy.ts: 5ms, application-code: 430ms)
 GET /cha/customers/new 200 in 313ms (next.js: 70ms, proxy.ts: 6ms, application-code: 237ms)
 GET /cha/customers/new 200 in 317ms (next.js: 37ms, proxy.ts: 7ms, application-code: 273ms)
 GET /cha/customers/new 200 in 319ms (next.js: 9ms, proxy.ts: 7ms, application-code: 303ms)
 GET /cha/customers/new 200 in 285ms (next.js: 9ms, proxy.ts: 6ms, application-code: 271ms)
 GET /cha/customers/new 200 in 295ms (next.js: 6ms, proxy.ts: 3ms, application-code: 285ms)
 GET /cha/customers/new 200 in 310ms (next.js: 6ms, proxy.ts: 3ms, application-code: 301ms)
 GET /cha/customers/new 200 in 323ms (next.js: 8ms, proxy.ts: 6ms, application-code: 309ms)
 GET /cha/customers/new 200 in 321ms (next.js: 54ms, proxy.ts: 5ms, application-code: 262ms)
 GET /cha/customers/new 200 in 328ms (next.js: 32ms, proxy.ts: 6ms, application-code: 291ms)
 GET /cha/customers/new 200 in 359ms (next.js: 8ms, proxy.ts: 4ms, application-code: 347ms)
 GET /cha/customers/new 200 in 360ms (next.js: 6ms, proxy.ts: 4ms, application-code: 349ms)
 GET /cha/customers/new 200 in 289ms (next.js: 7ms, proxy.ts: 4ms, application-code: 278ms)
 GET /cha/customers/new 200 in 348ms (next.js: 9ms, proxy.ts: 6ms, application-code: 333ms)
 GET /cha/customers/new 200 in 351ms (next.js: 38ms, proxy.ts: 6ms, application-code: 307ms)
 GET /cha/customers/new 200 in 347ms (next.js: 16ms, proxy.ts: 62ms, application-code: 269ms)
 GET /cha/customers/new 200 in 346ms (next.js: 7ms, proxy.ts: 5ms, application-code: 333ms)
 GET /cha/customers/new 200 in 326ms (next.js: 14ms, proxy.ts: 31ms, application-code: 280ms)
 GET /cha/customers/new 200 in 399ms (next.js: 8ms, proxy.ts: 7ms, application-code: 383ms)
 GET /cha/customers/new 200 in 314ms (next.js: 16ms, proxy.ts: 7ms, application-code: 291ms)
 GET /cha/customers/new 200 in 311ms (next.js: 38ms, proxy.ts: 40ms, application-code: 233ms)
 GET /cha/customers/new 200 in 313ms (next.js: 37ms, proxy.ts: 12ms, application-code: 264ms)
 GET /cha/customers/new 200 in 332ms (next.js: 7ms, proxy.ts: 4ms, application-code: 321ms)
 GET /cha/customers/new 200 in 334ms (next.js: 7ms, proxy.ts: 3ms, application-code: 324ms)
 GET /cha/customers/new 200 in 269ms (next.js: 6ms, proxy.ts: 3ms, application-code: 260ms)
 GET /cha/customers/new 200 in 346ms (next.js: 9ms, proxy.ts: 7ms, application-code: 329ms)
 GET /cha/customers/new 200 in 344ms (next.js: 75ms, proxy.ts: 6ms, application-code: 263ms)
 GET /cha/customers/new 200 in 346ms (next.js: 38ms, proxy.ts: 6ms, application-code: 302ms)
 GET /cha/customers/new 200 in 346ms (next.js: 8ms, proxy.ts: 4ms, application-code: 335ms)
 GET /cha/customers/new 200 in 350ms (next.js: 36ms, proxy.ts: 4ms, application-code: 310ms)
 GET /cha/customers/new 200 in 353ms (next.js: 8ms, proxy.ts: 4ms, application-code: 341ms)
 GET /cha/customers/new 200 in 355ms (next.js: 38ms, proxy.ts: 7ms, application-code: 309ms)
 GET /cha/customers/new 200 in 361ms (next.js: 72ms, proxy.ts: 7ms, application-code: 283ms)
 GET /cha/customers/new 200 in 448ms (next.js: 9ms, proxy.ts: 9ms, application-code: 431ms)
 GET /cha/customers/new 200 in 279ms (next.js: 8ms, proxy.ts: 4ms, application-code: 268ms)
 GET /cha/customers/new 200 in 368ms (next.js: 8ms, proxy.ts: 5ms, application-code: 355ms)
 GET /cha/customers/new 200 in 369ms (next.js: 43ms, proxy.ts: 5ms, application-code: 321ms)
 GET /cha/customers/new 200 in 325ms (next.js: 10ms, proxy.ts: 6ms, application-code: 309ms)
 GET /cha/customers/new 200 in 396ms (next.js: 11ms, proxy.ts: 40ms, application-code: 346ms)
 GET /cha/customers/new 200 in 417ms (next.js: 67ms, proxy.ts: 16ms, application-code: 334ms)
 GET /cha/customers/new 200 in 420ms (next.js: 38ms, proxy.ts: 15ms, application-code: 367ms)
 GET /cha/customers/new 200 in 376ms (next.js: 8ms, proxy.ts: 6ms, application-code: 362ms)
 GET /cha/customers/new 200 in 376ms (next.js: 38ms, proxy.ts: 6ms, application-code: 332ms)
 GET /cha/customers/new 200 in 289ms (next.js: 7ms, proxy.ts: 4ms, application-code: 278ms)
 GET /cha/customers/new 200 in 393ms (next.js: 10ms, proxy.ts: 5ms, application-code: 378ms)
 GET /cha/customers/new 200 in 350ms (next.js: 40ms, proxy.ts: 5ms, application-code: 306ms)
 GET /cha/customers/new 200 in 353ms (next.js: 9ms, proxy.ts: 5ms, application-code: 339ms)
 GET /cha/customers/new 200 in 409ms (next.js: 11ms, proxy.ts: 8ms, application-code: 390ms)
 GET /cha/customers/new 200 in 411ms (next.js: 48ms, proxy.ts: 8ms, application-code: 354ms)
 GET /cha/customers/new 200 in 495ms (next.js: 51ms, proxy.ts: 42ms, application-code: 401ms)
 GET /cha/customers/new 200 in 388ms (next.js: 9ms, proxy.ts: 3ms, application-code: 376ms)
 GET /cha/customers/new 200 in 404ms (next.js: 13ms, proxy.ts: 6ms, application-code: 385ms)
 GET /cha/customers/new 200 in 410ms (next.js: 43ms, proxy.ts: 5ms, application-code: 361ms)
 GET /cha/customers/new 200 in 349ms (next.js: 47ms, proxy.ts: 6ms, application-code: 296ms)
 GET /cha/customers/new 200 in 367ms (next.js: 11ms, proxy.ts: 8ms, application-code: 348ms)
 GET /cha/customers/new 200 in 345ms (next.js: 15ms, proxy.ts: 13ms, application-code: 318ms)
 GET /cha/customers/new 200 in 281ms (next.js: 10ms, proxy.ts: 17ms, application-code: 253ms)
 GET /cha/customers/new 200 in 316ms (next.js: 10ms, proxy.ts: 3ms, application-code: 302ms)
 GET /cha/customers/new 200 in 310ms (next.js: 14ms, proxy.ts: 36ms, application-code: 260ms)
 GET /cha/customers/new 200 in 294ms (next.js: 10ms, proxy.ts: 8ms, application-code: 276ms)
 GET /cha/customers/new 200 in 287ms (next.js: 10ms, proxy.ts: 31ms, application-code: 246ms)
 GET /cha/customers/new 200 in 376ms (next.js: 9ms, proxy.ts: 4ms, application-code: 362ms)
 GET /cha/customers/new 200 in 471ms (next.js: 20ms, proxy.ts: 33ms, application-code: 418ms)
 GET /cha/customers/new 200 in 343ms (next.js: 36ms, proxy.ts: 4ms, application-code: 303ms)
 GET /cha/customers/new 200 in 346ms (next.js: 7ms, proxy.ts: 4ms, application-code: 335ms)
 GET /cha/customers/new 200 in 422ms (next.js: 7ms, proxy.ts: 4ms, application-code: 411ms)
 GET /cha/customers/new 200 in 427ms (next.js: 38ms, proxy.ts: 4ms, application-code: 384ms)
 GET /cha/customers/new 200 in 396ms (next.js: 7ms, proxy.ts: 3ms, application-code: 385ms)
 GET /cha/customers/new 200 in 383ms (next.js: 10ms, proxy.ts: 16ms, application-code: 357ms)
 GET /cha/customers/new 200 in 380ms (next.js: 75ms, proxy.ts: 14ms, application-code: 292ms)
 GET /cha/customers/new 200 in 385ms (next.js: 42ms, proxy.ts: 15ms, application-code: 328ms)
 GET /cha/customers/new 200 in 274ms (next.js: 9ms, proxy.ts: 5ms, application-code: 259ms)
 GET /cha/customers/new 200 in 440ms (next.js: 14ms, proxy.ts: 35ms, application-code: 390ms)
 GET /cha/customers/new 200 in 378ms (next.js: 8ms, proxy.ts: 5ms, application-code: 365ms)
 GET /cha/customers/new 200 in 379ms (next.js: 65ms, proxy.ts: 9ms, application-code: 304ms)
 GET /cha/customers/new 200 in 361ms (next.js: 20ms, proxy.ts: 6ms, application-code: 335ms)
 GET /cha/customers/new 200 in 388ms (next.js: 131ms, proxy.ts: 15ms, application-code: 242ms)
 GET /cha/customers/new 200 in 514ms (next.js: 100ms, proxy.ts: 10ms, application-code: 404ms)
 GET /cha/customers/new 200 in 440ms (next.js: 9ms, proxy.ts: 11ms, application-code: 420ms)
 GET /cha/customers/new 200 in 575ms (next.js: 7ms, proxy.ts: 4ms, application-code: 565ms)
 GET /cha/customers/new 200 in 570ms (next.js: 75ms, proxy.ts: 9ms, application-code: 487ms)
 GET /cha/customers/new 200 in 579ms (next.js: 13ms, proxy.ts: 10ms, application-code: 556ms)
 GET /cha/customers/new 200 in 579ms (next.js: 43ms, proxy.ts: 9ms, application-code: 528ms)
 GET /cha/customers/new 200 in 528ms (next.js: 59ms, proxy.ts: 14ms, application-code: 454ms)
 GET /cha/customers/new 200 in 490ms (next.js: 16ms, proxy.ts: 71ms, application-code: 403ms)
 GET /cha/customers/new 200 in 490ms (next.js: 39ms, proxy.ts: 10ms, application-code: 442ms)
 GET /cha/customers/new 200 in 451ms (next.js: 13ms, proxy.ts: 9ms, application-code: 429ms)
 GET /cha/customers/new 200 in 481ms (next.js: 52ms, proxy.ts: 10ms, application-code: 419ms)
 GET /cha/customers/new 200 in 484ms (next.js: 105ms, proxy.ts: 9ms, application-code: 370ms)
 GET /cha/customers/new 200 in 364ms (next.js: 15ms, proxy.ts: 14ms, application-code: 335ms)
 GET /cha/customers/new 200 in 314ms (next.js: 25ms, proxy.ts: 16ms, application-code: 273ms)
 GET /cha/customers/new 200 in 417ms (next.js: 46ms, proxy.ts: 23ms, application-code: 348ms)
 GET /cha/customers/new 200 in 548ms (next.js: 211ms, proxy.ts: 29ms, application-code: 308ms)
 GET /cha/customers/new 200 in 288ms (next.js: 12ms, proxy.ts: 38ms, application-code: 239ms)
 GET /cha/customers/new 200 in 470ms (next.js: 80ms, proxy.ts: 23ms, application-code: 367ms)
 GET /cha/customers/new 200 in 468ms (next.js: 105ms, proxy.ts: 23ms, application-code: 341ms)
 GET /cha/customers/new 200 in 417ms (next.js: 129ms, proxy.ts: 4ms, application-code: 283ms)
 GET /cha/customers/new 200 in 311ms (next.js: 6ms, proxy.ts: 3ms, application-code: 301ms)
 GET /cha/customers/new 200 in 371ms (next.js: 39ms, proxy.ts: 10ms, application-code: 322ms)
 GET /cha/customers/new 200 in 375ms (next.js: 10ms, proxy.ts: 10ms, application-code: 355ms)
 GET /cha/customers/new 200 in 377ms (next.js: 66ms, proxy.ts: 10ms, application-code: 301ms)
 GET /cha/customers/new 200 in 504ms (next.js: 120ms, proxy.ts: 9ms, application-code: 375ms)
 GET /cha/customers/new 200 in 508ms (next.js: 91ms, proxy.ts: 10ms, application-code: 406ms)
 GET /cha/customers/new 200 in 433ms (next.js: 38ms, proxy.ts: 8ms, application-code: 387ms)
 GET /cha/customers/new 200 in 385ms (next.js: 12ms, proxy.ts: 8ms, application-code: 365ms)
 GET /cha/customers/new 200 in 385ms (next.js: 85ms, proxy.ts: 6ms, application-code: 294ms)
 GET /cha/customers/new 200 in 389ms (next.js: 47ms, proxy.ts: 7ms, application-code: 336ms)
 GET /cha/customers/new 200 in 389ms (next.js: 46ms, proxy.ts: 6ms, application-code: 337ms)
 GET /cha/customers/new 200 in 392ms (next.js: 9ms, proxy.ts: 6ms, application-code: 377ms)
 GET /cha/customers/new 200 in 318ms (next.js: 7ms, proxy.ts: 5ms, application-code: 306ms)
 GET /cha/customers/new 200 in 350ms (next.js: 43ms, proxy.ts: 38ms, application-code: 269ms)
 GET /cha/customers/new 200 in 354ms (next.js: 49ms, proxy.ts: 6ms, application-code: 299ms)
 GET /cha/customers/new 200 in 458ms (next.js: 9ms, proxy.ts: 7ms, application-code: 442ms)
 GET /cha/customers/new 200 in 311ms (next.js: 7ms, proxy.ts: 4ms, application-code: 300ms)
 GET /cha/customers/new 200 in 313ms (next.js: 45ms, proxy.ts: 4ms, application-code: 264ms)
 GET /cha/customers/new 200 in 410ms (next.js: 7ms, proxy.ts: 3ms, application-code: 400ms)
 GET /cha/customers/new 200 in 394ms (next.js: 44ms, proxy.ts: 4ms, application-code: 347ms)
 GET /cha/customers/new 200 in 396ms (next.js: 7ms, proxy.ts: 4ms, application-code: 385ms)
 GET /cha/customers/new 200 in 381ms (next.js: 39ms, proxy.ts: 7ms, application-code: 335ms)
 GET /cha/customers/new 200 in 383ms (next.js: 8ms, proxy.ts: 7ms, application-code: 368ms)
 GET /cha/customers/new 200 in 384ms (next.js: 76ms, proxy.ts: 6ms, application-code: 302ms)
 GET /cha/customers/new 200 in 399ms (next.js: 8ms, proxy.ts: 8ms, application-code: 384ms)
 GET /cha/customers/new 200 in 363ms (next.js: 9ms, proxy.ts: 6ms, application-code: 348ms)
 GET /cha/customers/new 200 in 363ms (next.js: 38ms, proxy.ts: 6ms, application-code: 319ms)
 GET /cha/customers/new 200 in 402ms (next.js: 8ms, proxy.ts: 6ms, application-code: 387ms)
 GET /cha/customers/new 200 in 449ms (next.js: 51ms, proxy.ts: 6ms, application-code: 391ms)
 GET /cha/customers/new 200 in 448ms (next.js: 96ms, proxy.ts: 5ms, application-code: 347ms)
 GET /cha/customers/new 200 in 245ms (next.js: 7ms, proxy.ts: 3ms, application-code: 234ms)
 GET /cha/customers/new 200 in 373ms (next.js: 36ms, proxy.ts: 4ms, application-code: 332ms)
 GET /cha/customers/new 200 in 374ms (next.js: 8ms, proxy.ts: 4ms, application-code: 363ms)
 GET /cha/customers/new 200 in 371ms (next.js: 7ms, proxy.ts: 4ms, application-code: 360ms)
 GET /cha/customers/new 200 in 398ms (next.js: 10ms, proxy.ts: 7ms, application-code: 381ms)
 GET /cha/customers/new 200 in 399ms (next.js: 41ms, proxy.ts: 7ms, application-code: 350ms)
 GET /cha/customers/new 200 in 402ms (next.js: 70ms, proxy.ts: 35ms, application-code: 297ms)
 GET /cha/customers/new 200 in 391ms (next.js: 46ms, proxy.ts: 5ms, application-code: 340ms)
 GET /cha/customers/new 200 in 395ms (next.js: 8ms, proxy.ts: 6ms, application-code: 382ms)
 GET /cha/customers/new 200 in 359ms (next.js: 16ms, proxy.ts: 5ms, application-code: 337ms)
 GET /cha/customers/new 200 in 409ms (next.js: 9ms, proxy.ts: 5ms, application-code: 394ms)
 GET /cha/customers/new 200 in 326ms (next.js: 31ms, proxy.ts: 28ms, application-code: 267ms)
 GET /cha/customers/new 200 in 610ms (next.js: 44ms, proxy.ts: 4ms, application-code: 562ms)
 GET /cha/customers/new 200 in 423ms (next.js: 43ms, proxy.ts: 3ms, application-code: 377ms)
 GET /cha/customers/new 200 in 427ms (next.js: 7ms, proxy.ts: 4ms, application-code: 416ms)
 GET /cha/customers/new 200 in 486ms (next.js: 7ms, proxy.ts: 4ms, application-code: 476ms)
 GET /cha/customers/new 200 in 1021ms (next.js: 9ms, proxy.ts: 6ms, application-code: 1007ms)
 GET /cha/customers/new 200 in 1021ms (next.js: 43ms, proxy.ts: 5ms, application-code: 973ms)
 GET /cha/customers/new 200 in 953ms (next.js: 45ms, proxy.ts: 6ms, application-code: 902ms)
 GET /cha/customers/new 200 in 961ms (next.js: 10ms, proxy.ts: 8ms, application-code: 944ms)
 GET /cha/customers/new 200 in 1265ms (next.js: 87ms, proxy.ts: 5ms, application-code: 1173ms)
 GET /cha/customers/new 200 in 464ms (next.js: 20ms, proxy.ts: 6ms, application-code: 437ms)
 GET /cha/customers/new 200 in 471ms (next.js: 55ms, proxy.ts: 7ms, application-code: 409ms)
 GET /cha/customers/new 200 in 358ms (next.js: 214ms, proxy.ts: 6ms, application-code: 137ms)
 GET /cha/customers/new 200 in 363ms (next.js: 124ms, proxy.ts: 9ms, application-code: 230ms)
 GET /cha/customers/new 200 in 1289ms (next.js: 7ms, proxy.ts: 4ms, application-code: 1279ms)
 GET /api/runtime/updates 200 in 496ms (next.js: 314ms, proxy.ts: 4ms, application-code: 178ms)
 POST /cha/customers/new 200 in 2.4s (next.js: 22ms, proxy.ts: 5ms, application-code: 2.4s)
  └─ ƒ lookupIndianPincodeAction("624005") in 2336ms src/modules/crm/actions.ts
✓ Compiled in 491ms
 POST /cha/customers/new 200 in 1831ms (next.js: 5ms, proxy.ts: 3ms, application-code: 1822ms)
  └─ ƒ lookupIndianPincodeAction("600007") in 1813ms src/modules/crm/actions.ts
 GET /cha/customers/new 200 in 1541ms (next.js: 403ms, proxy.ts: 51ms, application-code: 1087ms)
 GET /cha/customers/new 200 in 1171ms (next.js: 13ms, proxy.ts: 7ms, application-code: 1151ms)
 GET /cha/customers/new 200 in 349ms (next.js: 9ms, proxy.ts: 5ms, application-code: 336ms)
 GET /cha/customers/new 200 in 753ms (next.js: 323ms, proxy.ts: 12ms, application-code: 418ms)
 GET /cha/customers/new 200 in 444ms (next.js: 114ms, proxy.ts: 12ms, application-code: 318ms)
 GET /cha/customers/new 200 in 293ms (next.js: 10ms, proxy.ts: 41ms, application-code: 242ms)
 GET /cha/customers/new 200 in 388ms (next.js: 8ms, proxy.ts: 5ms, application-code: 375ms)
 GET /cha/customers/new 200 in 695ms (next.js: 52ms, proxy.ts: 10ms, application-code: 632ms)
 GET /cha/customers/new 200 in 294ms (next.js: 7ms, proxy.ts: 5ms, application-code: 282ms)
 GET /cha/customers/new 200 in 774ms (next.js: 19ms, proxy.ts: 10ms, application-code: 745ms)
 GET /cha/customers/new 200 in 800ms (next.js: 80ms, proxy.ts: 11ms, application-code: 709ms)
 GET /cha/customers/new 200 in 266ms (next.js: 13ms, proxy.ts: 7ms, application-code: 246ms)
✓ Compiled in 194ms
 GET /cha/customers/new 200 in 962ms (next.js: 294ms, proxy.ts: 46ms, application-code: 623ms)
 GET /cha/customers/new 200 in 731ms (next.js: 9ms, proxy.ts: 4ms, application-code: 717ms)
✓ Compiled in 757ms
 GET /cha/customers/new 200 in 995ms (next.js: 307ms, proxy.ts: 59ms, application-code: 630ms)
 GET /cha/customers/new 200 in 610ms (next.js: 44ms, proxy.ts: 11ms, application-code: 554ms)
 GET /cha/customers/new 200 in 617ms (next.js: 79ms, proxy.ts: 12ms, application-code: 527ms)
 GET /cha/customers/new 200 in 667ms (next.js: 14ms, proxy.ts: 11ms, application-code: 641ms)
 GET /cha/customers/new 200 in 812ms (next.js: 9ms, proxy.ts: 5ms, application-code: 798ms)
 GET /cha/customers/new 200 in 892ms (next.js: 109ms, proxy.ts: 12ms, application-code: 772ms)
 GET /cha/customers/new 200 in 366ms (next.js: 9ms, proxy.ts: 9ms, application-code: 347ms)
 GET /cha/customers/new 200 in 390ms (next.js: 11ms, proxy.ts: 4ms, application-code: 375ms)
 GET /cha/customers/new 200 in 679ms (next.js: 19ms, proxy.ts: 41ms, application-code: 619ms)
 GET /cha/customers/new 200 in 714ms (next.js: 13ms, proxy.ts: 11ms, application-code: 691ms)
 GET /cha/customers/new 200 in 639ms (next.js: 18ms, proxy.ts: 29ms, application-code: 592ms)
 GET /cha/customers/new 200 in 638ms (next.js: 10ms, proxy.ts: 5ms, application-code: 624ms)
 GET /cha/customers/new 200 in 633ms (next.js: 16ms, proxy.ts: 47ms, application-code: 570ms)
 GET /cha/customers/new 200 in 347ms (next.js: 16ms, proxy.ts: 16ms, application-code: 315ms)
 GET /cha/customers/new 200 in 323ms (next.js: 9ms, proxy.ts: 52ms, application-code: 262ms)
 GET /cha/customers/new 200 in 352ms (next.js: 9ms, proxy.ts: 6ms, application-code: 337ms)
 GET /cha/customers/new 200 in 347ms (next.js: 14ms, proxy.ts: 36ms, application-code: 297ms)
 GET /cha/customers/new 200 in 261ms (next.js: 39ms, proxy.ts: 5ms, application-code: 217ms)
 GET /cha/customers/new 200 in 277ms (next.js: 7ms, proxy.ts: 6ms, application-code: 264ms)
 GET /cha/customers/new 200 in 248ms (next.js: 37ms, proxy.ts: 5ms, application-code: 206ms)
 GET /cha/customers/new 200 in 288ms (next.js: 8ms, proxy.ts: 5ms, application-code: 275ms)
 GET /api/runtime/updates 304 in 2.0s (next.js: 948ms, proxy.ts: 146ms, application-code: 943ms)
 GET /api/runtime/updates 304 in 840ms (next.js: 14ms, proxy.ts: 16ms, application-code: 810ms)
✓ Compiled in 1427ms
✓ Compiled in 64ms
✓ Compiled in 59ms
prisma:error 
Invalid `__TURBOPACK__imported__module__$5b$project$5d2f$src$2f$lib$2f$db$2e$ts__$5b$app$2d$rsc$5d$__$28$ecmascript$29$__["db"].userSession.findUnique()` invocation in
C:\Users\SilverCloud\Documents\Adarsh-Shipping-and-Services-Management-Software\.next\dev\server\chunks\ssr\src_0t4e4~z._.js:688:162

  685     reason: "NOT_FOUND"
  686 };
  687 try {
→ 688     const session = await __TURBOPACK__imported__module__$5b$project$5d2f$src$2f$lib$2f$db$2e$ts__$5b$app$2d$rsc$5d$__$28$ecmascript$29$__["db"].userSession.findUnique(

 GET /cha/customers/new 200 in 26.4s (next.js: 6.2s, proxy.ts: 14ms, application-code: 20.2s)
 GET /accounting/vendor-master 200 in 19.4s (next.js: 3.8s, proxy.ts: 207ms, application-code: 15.4s)
 GET /cha/customers/new 200 in 19.3s (next.js: 1904ms, proxy.ts: 203ms, application-code: 17.2s)
 GET /cha/customers/new 200 in 2.2s (next.js: 541ms, proxy.ts: 332ms, application-code: 1342ms)
 GET /cha/customers/new 200 in 2.7s (next.js: 1604ms, proxy.ts: 327ms, application-code: 737ms)
 GET /cha/customers/new 200 in 695ms (next.js: 61ms, proxy.ts: 57ms, application-code: 576ms)
 GET /accounting/vendor-master 200 in 760ms (next.js: 13ms, proxy.ts: 44ms, application-code: 703ms)
 GET /accounting/vendor-master 200 in 939ms (next.js: 63ms, proxy.ts: 13ms, application-code: 864ms)
 GET /accounting/vendor-master 200 in 710ms (next.js: 10ms, proxy.ts: 8ms, application-code: 692ms)
 GET /accounting/vendor-master 200 in 3.2s (next.js: 970ms, proxy.ts: 334ms, application-code: 1904ms)
 GET /accounting/vendor-master 200 in 313ms (next.js: 14ms, proxy.ts: 9ms, application-code: 290ms)
 GET /accounting/vendor-master 200 in 577ms (next.js: 72ms, proxy.ts: 5ms, application-code: 500ms)
 GET /accounting/vendor-master 200 in 321ms (next.js: 28ms, proxy.ts: 42ms, application-code: 251ms)
 GET /accounting/vendor-master 200 in 390ms (next.js: 8ms, proxy.ts: 12ms, application-code: 370ms)
 GET /accounting/vendor-master 200 in 669ms (next.js: 7ms, proxy.ts: 5ms, application-code: 657ms)
 GET /api/runtime/updates 200 in 438ms (next.js: 237ms, proxy.ts: 4ms, application-code: 197ms)
○ Compiling /accounting/vendor-master/new ...
 GET /accounting/vendor-master/new 200 in 5.5s (next.js: 4.9s, proxy.ts: 51ms, application-code: 531ms)
 GET /accounting/vendor-master 200 in 512ms (next.js: 24ms, proxy.ts: 40ms, application-code: 449ms)
 GET /accounting/vendor-master/new 200 in 621ms (next.js: 14ms, proxy.ts: 7ms, application-code: 600ms)
✓ Compiled in 617ms
 GET /accounting/vendor-master/new 200 in 1055ms (next.js: 406ms, proxy.ts: 76ms, application-code: 573ms)
 POST /accounting/vendor-master/new 200 in 36ms (next.js: 6ms, proxy.ts: 6ms, application-code: 25ms)
  └─ ƒ fetchGstDetailsAction("EQEW3EQ33224243") in 2ms src/modules/crm/actions.ts
 GET /accounting/vendor-master/new 200 in 948ms (next.js: 321ms, proxy.ts: 35ms, application-code: 591ms)
 GET /api/runtime/updates 304 in 1018ms (next.js: 276ms, proxy.ts: 4ms, application-code: 738ms)
 GET /accounting/vendor-master/new 200 in 1833ms (next.js: 357ms, proxy.ts: 29ms, application-code: 1446ms)
 GET /accounting/customer-receipts 200 in 1160ms (next.js: 380ms, proxy.ts: 5ms, application-code: 775ms)
 GET /accounting/purchase-invoices 200 in 710ms (next.js: 125ms, proxy.ts: 2ms, application-code: 582ms)
 GET /accounting/sales-invoices 200 in 338ms (next.js: 70ms, proxy.ts: 4ms, application-code: 264ms)
 GET /accounting/purchase-invoices 200 in 269ms (next.js: 6ms, proxy.ts: 5ms, application-code: 258ms)
 GET /accounting/purchase-invoices/new 200 in 587ms (next.js: 104ms, proxy.ts: 4ms, application-code: 479ms)
 GET /accounting/purchase-invoices 200 in 1044ms (next.js: 346ms, proxy.ts: 33ms, application-code: 666ms)
 GET /accounting/purchase-invoices/new 200 in 1492ms (next.js: 395ms, proxy.ts: 32ms, application-code: 1065ms)
 GET /api/runtime/updates 304 in 437ms (next.js: 224ms, proxy.ts: 3ms, application-code: 210ms)
 GET /api/runtime/updates 304 in 687ms (next.js: 3ms, proxy.ts: 3ms, application-code: 681ms)
 GET /api/runtime/updates 304 in 695ms (next.js: 4ms, proxy.ts: 3ms, application-code: 688ms)
✓ Compiled in 314ms
 GET /accounting/purchase-invoices/new 200 in 799ms (next.js: 10ms, proxy.ts: 6ms, application-code: 783ms)
 GET /accounting/purchase-invoices/new 200 in 1561ms (next.js: 544ms, proxy.ts: 63ms, application-code: 955ms)
 GET /accounting/purchase-invoices/new 200 in 1078ms (next.js: 44ms, proxy.ts: 12ms, application-code: 1022ms)
 GET /accounting/purchase-invoices/new 200 in 1139ms (next.js: 12ms, proxy.ts: 11ms, application-code: 1115ms)
 GET /accounting/purchase-invoices/new 200 in 1138ms (next.js: 75ms, proxy.ts: 11ms, application-code: 1051ms)
 GET /accounting/purchase-invoices/new 200 in 1318ms (next.js: 107ms, proxy.ts: 11ms, application-code: 1200ms)
 GET /accounting/purchase-invoices/new 200 in 803ms (next.js: 12ms, proxy.ts: 5ms, application-code: 785ms)
 GET /accounting/purchase-invoices/new 200 in 783ms (next.js: 9ms, proxy.ts: 6ms, application-code: 769ms)
 GET /accounting/purchase-invoices/new 200 in 622ms (next.js: 7ms, proxy.ts: 6ms, application-code: 609ms)
 GET /accounting/purchase-invoices/new 200 in 796ms (next.js: 9ms, proxy.ts: 5ms, application-code: 783ms)
 GET /accounting/purchase-invoices/new 200 in 835ms (next.js: 44ms, proxy.ts: 5ms, application-code: 786ms)
 GET /accounting/purchase-invoices/new 200 in 657ms (next.js: 8ms, proxy.ts: 4ms, application-code: 645ms)
 GET /accounting/purchase-invoices/new 200 in 542ms (next.js: 6ms, proxy.ts: 4ms, application-code: 532ms)
 GET /accounting/purchase-invoices/new 200 in 653ms (next.js: 11ms, proxy.ts: 24ms, application-code: 618ms)
 GET /accounting/purchase-invoices/new 200 in 589ms (next.js: 10ms, proxy.ts: 6ms, application-code: 574ms)
 GET /accounting/sales-orders 200 in 2.4s (next.js: 1965ms, proxy.ts: 3ms, application-code: 414ms)
 GET /accounting/invoices-sales 200 in 1650ms (next.js: 1272ms, proxy.ts: 4ms, application-code: 375ms)
 GET /accounting/invoices-sales/new 200 in 3.0s (next.js: 2.3s, proxy.ts: 18ms, application-code: 660ms)
✓ Compiled in 335ms
 GET /accounting/invoices-sales/new 200 in 1737ms (next.js: 394ms, proxy.ts: 415ms, application-code: 929ms)
 GET /accounting/invoices-sales/new 200 in 922ms (next.js: 170ms, proxy.ts: 15ms, application-code: 736ms)
 GET /accounting/invoices-sales/new 200 in 1107ms (next.js: 13ms, proxy.ts: 6ms, application-code: 1088ms)
 GET /accounting/invoices-sales/new 200 in 1223ms (next.js: 59ms, proxy.ts: 16ms, application-code: 1148ms)
 GET /accounting/invoices-sales/new 200 in 1328ms (next.js: 102ms, proxy.ts: 16ms, application-code: 1209ms)
 GET /accounting/invoices-sales/new 200 in 1479ms (next.js: 14ms, proxy.ts: 16ms, application-code: 1449ms)
 GET /accounting/invoices-sales/new 200 in 1059ms (next.js: 7ms, proxy.ts: 4ms, application-code: 1047ms)
 GET /accounting/invoices-sales/new 200 in 983ms (next.js: 8ms, proxy.ts: 4ms, application-code: 972ms)
 GET /accounting/invoices-sales/new 200 in 980ms (next.js: 6ms, proxy.ts: 4ms, application-code: 971ms)
 GET /accounting/invoices-sales/new 200 in 933ms (next.js: 6ms, proxy.ts: 3ms, application-code: 923ms)
 GET /accounting/invoices-sales/new 200 in 1680ms (next.js: 8ms, proxy.ts: 8ms, application-code: 1664ms)
 GET /accounting/invoices-sales/new 200 in 1645ms (next.js: 6ms, proxy.ts: 4ms, application-code: 1635ms)
 GET /accounting/invoices-sales/new 200 in 1377ms (next.js: 7ms, proxy.ts: 4ms, application-code: 1366ms)
 GET /accounting/invoices-sales/new 200 in 1389ms (next.js: 6ms, proxy.ts: 3ms, application-code: 1380ms)
 GET /accounting/invoices-sales/new 200 in 1363ms (next.js: 8ms, proxy.ts: 4ms, application-code: 1352ms)
 GET /accounting/invoices-sales/new 200 in 1322ms (next.js: 6ms, proxy.ts: 3ms, application-code: 1312ms)
 GET /accounting/invoices-sales/new 200 in 637ms (next.js: 7ms, proxy.ts: 11ms, application-code: 619ms)
 GET /accounting/invoices-sales/new 200 in 680ms (next.js: 6ms, proxy.ts: 4ms, application-code: 670ms)
 GET /login 200 in 229ms (next.js: 62ms, proxy.ts: 6ms, application-code: 161ms)
✓ Compiled in 272ms
 GET /accounting/invoices-sales/new 200 in 1895ms (next.js: 605ms, proxy.ts: 302ms, application-code: 988ms)
 GET /accounting/invoices-sales/new 200 in 1056ms (next.js: 9ms, proxy.ts: 34ms, application-code: 1013ms)
 GET /accounting/invoices-sales/new 200 in 1112ms (next.js: 122ms, proxy.ts: 11ms, application-code: 980ms)
 GET /accounting/invoices-sales/new 200 in 1244ms (next.js: 83ms, proxy.ts: 11ms, application-code: 1151ms)
 GET /accounting/invoices-sales/new 200 in 1335ms (next.js: 47ms, proxy.ts: 10ms, application-code: 1278ms)
 GET /accounting/invoices-sales/new 200 in 1467ms (next.js: 12ms, proxy.ts: 10ms, application-code: 1445ms)
 GET /accounting/invoices-sales/new 200 in 939ms (next.js: 9ms, proxy.ts: 3ms, application-code: 926ms)
 GET /accounting/invoices-sales/new 200 in 899ms (next.js: 8ms, proxy.ts: 3ms, application-code: 889ms)
 GET /accounting/invoices-sales/new 200 in 872ms (next.js: 4ms, proxy.ts: 5ms, application-code: 863ms)
 GET /accounting/invoices-sales/new 200 in 833ms (next.js: 5ms, proxy.ts: 3ms, application-code: 824ms)
 GET /accounting/invoices-sales/new 200 in 912ms (next.js: 5ms, proxy.ts: 3ms, application-code: 904ms)
 GET /accounting/invoices-sales/new 200 in 1059ms (next.js: 5ms, proxy.ts: 6ms, application-code: 1048ms)
 GET /accounting/invoices-sales/new 200 in 871ms (next.js: 6ms, proxy.ts: 4ms, application-code: 861ms)
 GET /accounting/invoices-sales/new 200 in 855ms (next.js: 5ms, proxy.ts: 3ms, application-code: 847ms)
 GET /accounting/invoices-sales/new 200 in 1035ms (next.js: 6ms, proxy.ts: 3ms, application-code: 1026ms)
 GET /accounting/invoices-sales/new 200 in 1011ms (next.js: 6ms, proxy.ts: 4ms, application-code: 1001ms)
 GET /accounting/invoices-sales/new 200 in 969ms (next.js: 7ms, proxy.ts: 5ms, application-code: 957ms)
 GET /accounting/invoices-sales/new 200 in 782ms (next.js: 7ms, proxy.ts: 4ms, application-code: 770ms)
 GET /api/runtime/updates 304 in 1030ms (next.js: 247ms, proxy.ts: 4ms, application-code: 778ms)
 GET /accounting/sales-invoices 200 in 859ms (next.js: 290ms, proxy.ts: 4ms, application-code: 565ms)
 GET /crm/customers 200 in 361ms (next.js: 318ms, proxy.ts: 4ms, application-code: 39ms)
 GET /cha/customers 200 in 558ms (next.js: 9ms, proxy.ts: 6ms, application-code: 543ms)
 GET /cha/customers 200 in 1156ms (next.js: 293ms, proxy.ts: 3ms, application-code: 860ms)
 GET /cha/customers/new 200 in 568ms (next.js: 327ms, proxy.ts: 3ms, application-code: 238ms)
 GET /accounting/sales-invoices 200 in 859ms (next.js: 16ms, proxy.ts: 4ms, application-code: 838ms)
 GET /accounting 200 in 3.6s (next.js: 3.0s, proxy.ts: 6ms, application-code: 612ms)
✓ Compiled in 1628ms
 GET /accounting/sales-invoices 200 in 1355ms (next.js: 582ms, proxy.ts: 58ms, application-code: 715ms)
 GET /accounting/sales-invoices 200 in 746ms (next.js: 14ms, proxy.ts: 8ms, application-code: 723ms)
 GET /accounting/sales-invoices 200 in 829ms (next.js: 66ms, proxy.ts: 20ms, application-code: 743ms)
 GET /accounting/sales-invoices 200 in 1048ms (next.js: 20ms, proxy.ts: 21ms, application-code: 1007ms)
 GET /accounting/sales-invoices 200 in 1043ms (next.js: 113ms, proxy.ts: 18ms, application-code: 913ms)
 GET /accounting/sales-invoices 200 in 1055ms (next.js: 173ms, proxy.ts: 22ms, application-code: 861ms)
 GET /accounting/sales-invoices 200 in 690ms (next.js: 12ms, proxy.ts: 5ms, application-code: 672ms)
 GET /accounting/sales-invoices 200 in 631ms (next.js: 9ms, proxy.ts: 5ms, application-code: 616ms)
 GET /accounting/sales-invoices 200 in 826ms (next.js: 10ms, proxy.ts: 4ms, application-code: 812ms)
 GET /accounting/sales-invoices 200 in 670ms (next.js: 49ms, proxy.ts: 8ms, application-code: 613ms)
 GET /accounting/sales-invoices 200 in 667ms (next.js: 83ms, proxy.ts: 7ms, application-code: 576ms)
 GET /accounting/sales-invoices 200 in 671ms (next.js: 11ms, proxy.ts: 8ms, application-code: 652ms)
 GET /accounting/sales-invoices 200 in 662ms (next.js: 9ms, proxy.ts: 4ms, application-code: 649ms)
 GET /accounting/sales-invoices 200 in 751ms (next.js: 7ms, proxy.ts: 4ms, application-code: 740ms)
 GET /accounting/sales-invoices 200 in 525ms (next.js: 6ms, proxy.ts: 4ms, application-code: 514ms)
 GET /accounting/sales-invoices 200 in 1466ms (next.js: 9ms, proxy.ts: 7ms, application-code: 1450ms)
 GET /accounting/sales-invoices 200 in 1468ms (next.js: 43ms, proxy.ts: 8ms, application-code: 1416ms)
 GET /accounting/sales-invoices 200 in 1468ms (next.js: 76ms, proxy.ts: 8ms, application-code: 1384ms)
 GET /accounting/sales-invoices 200 in 1329ms (next.js: 7ms, proxy.ts: 3ms, application-code: 1320ms)
 GET /accounting/sales-invoices 200 in 1339ms (next.js: 7ms, proxy.ts: 5ms, application-code: 1327ms)
 GET /accounting/sales-invoices 200 in 368ms (next.js: 9ms, proxy.ts: 14ms, application-code: 345ms)
 GET /accounting/sales-invoices 200 in 1599ms (next.js: 6ms, proxy.ts: 4ms, application-code: 1589ms)
 GET /accounting/journal-entries 200 in 2.0s (next.js: 1747ms, proxy.ts: 5ms, application-code: 259ms)
 GET /api/runtime/updates 304 in 589ms (next.js: 418ms, proxy.ts: 3ms, application-code: 168ms)
 GET /login 200 in 1695ms (next.js: 1460ms, proxy.ts: 31ms, application-code: 205ms)
 GET /api/runtime/updates 304 in 922ms (next.js: 5ms, proxy.ts: 5ms, application-code: 912ms)
 GET /api/runtime/updates 401 in 141ms (next.js: 29ms, proxy.ts: 30ms, application-code: 82ms)
✓ Compiled in 679ms
 GET /accounting/journal-entries 200 in 846ms (next.js: 398ms, proxy.ts: 60ms, application-code: 388ms)
 GET /accounting/journal-entries 200 in 535ms (next.js: 10ms, proxy.ts: 15ms, application-code: 511ms)
 GET /accounting/journal-entries 200 in 510ms (next.js: 19ms, proxy.ts: 14ms, application-code: 477ms)
 GET /accounting/journal-entries 200 in 506ms (next.js: 42ms, proxy.ts: 56ms, application-code: 409ms)
 GET /accounting/journal-entries 200 in 501ms (next.js: 63ms, proxy.ts: 78ms, application-code: 361ms)
 GET /accounting/journal-entries 200 in 505ms (next.js: 101ms, proxy.ts: 77ms, application-code: 327ms)
 GET /accounting/journal-entries 200 in 485ms (next.js: 22ms, proxy.ts: 134ms, application-code: 328ms)
 GET /accounting/journal-entries 200 in 1357ms (next.js: 8ms, proxy.ts: 6ms, application-code: 1342ms)
 GET /accounting/journal-entries 200 in 1800ms (next.js: 15ms, proxy.ts: 15ms, application-code: 1771ms)
 GET /accounting/journal-entries 200 in 1906ms (next.js: 19ms, proxy.ts: 64ms, application-code: 1823ms)
 GET /accounting/journal-entries 200 in 1911ms (next.js: 61ms, proxy.ts: 64ms, application-code: 1786ms)
 GET /accounting/journal-entries 200 in 1969ms (next.js: 139ms, proxy.ts: 65ms, application-code: 1764ms)
 GET /accounting/journal-entries 200 in 2.2s (next.js: 569ms, proxy.ts: 131ms, application-code: 1546ms)
 GET /accounting/journal-entries 200 in 1153ms (next.js: 49ms, proxy.ts: 52ms, application-code: 1052ms)
 GET /accounting/journal-entries 200 in 646ms (next.js: 335ms, proxy.ts: 107ms, application-code: 204ms)
 GET /accounting/journal-entries 200 in 519ms (next.js: 15ms, proxy.ts: 341ms, application-code: 163ms)
 GET /accounting/journal-entries 200 in 510ms (next.js: 49ms, proxy.ts: 329ms, application-code: 132ms)
 GET /accounting/journal-entries 200 in 248ms (next.js: 73ms, proxy.ts: 70ms, application-code: 105ms)
 GET /accounting/journal-entries 200 in 185ms (next.js: 38ms, proxy.ts: 70ms, application-code: 77ms)
 GET /accounting/journal-entries 200 in 225ms (next.js: 6ms, proxy.ts: 5ms, application-code: 215ms)
 GET /accounting/journal-entries 200 in 196ms (next.js: 12ms, proxy.ts: 8ms, application-code: 177ms)
 GET /accounting/journal-entries 200 in 186ms (next.js: 14ms, proxy.ts: 31ms, application-code: 141ms)
 GET /accounting/journal-entries 200 in 188ms (next.js: 43ms, proxy.ts: 31ms, application-code: 114ms)
 GET /accounting/journal-entries 200 in 162ms (next.js: 68ms, proxy.ts: 8ms, application-code: 85ms)
 GET /accounting/journal-entries 200 in 157ms (next.js: 36ms, proxy.ts: 65ms, application-code: 56ms)
 GET /login 200 in 233ms (next.js: 202ms, proxy.ts: 3ms, application-code: 28ms)
 GET /login 200 in 28ms (next.js: 9ms, proxy.ts: 4ms, application-code: 16ms)
 GET /api/auth/csrf 200 in 1212ms (next.js: 1184ms, proxy.ts: 3ms, application-code: 24ms)
 GET /login 200 in 116ms (next.js: 7ms, proxy.ts: 4ms, application-code: 106ms)
✓ Compiled in 486ms
 GET /login 200 in 558ms (next.js: 485ms, proxy.ts: 13ms, application-code: 60ms)
 GET /login 200 in 66ms (next.js: 6ms, proxy.ts: 32ms, application-code: 28ms)
 GET /login 200 in 93ms (next.js: 6ms, proxy.ts: 3ms, application-code: 84ms)
 GET /login 200 in 272ms (next.js: 5ms, proxy.ts: 6ms, application-code: 261ms)
 GET /login 200 in 226ms (next.js: 15ms, proxy.ts: 21ms, application-code: 190ms)
 GET /login 200 in 226ms (next.js: 43ms, proxy.ts: 22ms, application-code: 161ms)
 GET /login 200 in 224ms (next.js: 69ms, proxy.ts: 20ms, application-code: 135ms)
 GET /login 200 in 218ms (next.js: 101ms, proxy.ts: 16ms, application-code: 101ms)
 GET /login 200 in 242ms (next.js: 168ms, proxy.ts: 12ms, application-code: 62ms)
 GET /login 200 in 162ms (next.js: 14ms, proxy.ts: 4ms, application-code: 143ms)
 GET /login 200 in 155ms (next.js: 9ms, proxy.ts: 32ms, application-code: 114ms)
 GET /login 200 in 155ms (next.js: 30ms, proxy.ts: 32ms, application-code: 94ms)
 GET /login 200 in 156ms (next.js: 51ms, proxy.ts: 32ms, application-code: 73ms)
 GET /login 200 in 136ms (next.js: 75ms, proxy.ts: 11ms, application-code: 50ms)
 GET /login 200 in 162ms (next.js: 28ms, proxy.ts: 69ms, application-code: 65ms)
 GET /login 200 in 218ms (next.js: 14ms, proxy.ts: 7ms, application-code: 196ms)
 GET /login 200 in 210ms (next.js: 10ms, proxy.ts: 37ms, application-code: 164ms)
 GET /login 200 in 208ms (next.js: 60ms, proxy.ts: 36ms, application-code: 112ms)
 GET /login 200 in 210ms (next.js: 35ms, proxy.ts: 36ms, application-code: 139ms)
 GET /login 200 in 207ms (next.js: 102ms, proxy.ts: 34ms, application-code: 70ms)
✓ Compiled in 236ms
 GET /login 200 in 264ms (next.js: 168ms, proxy.ts: 27ms, application-code: 69ms)
 GET /login 200 in 261ms (next.js: 5ms, proxy.ts: 4ms, application-code: 252ms)
 GET /login 200 in 236ms (next.js: 34ms, proxy.ts: 11ms, application-code: 191ms)
 GET /login 200 in 239ms (next.js: 12ms, proxy.ts: 12ms, application-code: 215ms)
 GET /login 200 in 239ms (next.js: 56ms, proxy.ts: 11ms, application-code: 172ms)
 GET /login 200 in 239ms (next.js: 87ms, proxy.ts: 11ms, application-code: 141ms)
 GET /login 200 in 243ms (next.js: 124ms, proxy.ts: 11ms, application-code: 107ms)
 GET /login 200 in 606ms (next.js: 15ms, proxy.ts: 6ms, application-code: 585ms)
 GET /login 200 in 561ms (next.js: 49ms, proxy.ts: 18ms, application-code: 494ms)
 GET /login 200 in 559ms (next.js: 471ms, proxy.ts: 16ms, application-code: 72ms)
 GET /login 200 in 559ms (next.js: 86ms, proxy.ts: 16ms, application-code: 457ms)
 GET /login 200 in 601ms (next.js: 16ms, proxy.ts: 52ms, application-code: 533ms)
 GET /login 200 in 558ms (next.js: 506ms, proxy.ts: 11ms, application-code: 41ms)
 GET /login 200 in 134ms (next.js: 15ms, proxy.ts: 4ms, application-code: 116ms)
 GET /login 200 in 128ms (next.js: 9ms, proxy.ts: 28ms, application-code: 91ms)
 GET /login 200 in 128ms (next.js: 25ms, proxy.ts: 28ms, application-code: 75ms)
 GET /login 200 in 129ms (next.js: 45ms, proxy.ts: 29ms, application-code: 55ms)
 GET /login 200 in 129ms (next.js: 62ms, proxy.ts: 28ms, application-code: 38ms)
 GET /login 200 in 105ms (next.js: 39ms, proxy.ts: 42ms, application-code: 24ms)
 GET /login 200 in 31ms (next.js: 6ms, proxy.ts: 7ms, application-code: 19ms)
✓ Compiled in 285ms
 GET /login 200 in 563ms (next.js: 284ms, proxy.ts: 5ms, application-code: 274ms)
 GET /login 200 in 271ms (next.js: 203ms, proxy.ts: 34ms, application-code: 33ms)
 GET /login 200 in 219ms (next.js: 193ms, proxy.ts: 5ms, application-code: 21ms)
 GET /login 200 in 204ms (next.js: 136ms, proxy.ts: 3ms, application-code: 65ms)
 GET /login 200 in 298ms (next.js: 6ms, proxy.ts: 7ms, application-code: 286ms)
 GET /login 200 in 249ms (next.js: 47ms, proxy.ts: 13ms, application-code: 189ms)
 GET /login 200 in 252ms (next.js: 14ms, proxy.ts: 12ms, application-code: 226ms)
 GET /login 200 in 251ms (next.js: 164ms, proxy.ts: 12ms, application-code: 75ms)
 GET /login 200 in 254ms (next.js: 85ms, proxy.ts: 13ms, application-code: 156ms)
 GET /login 200 in 254ms (next.js: 121ms, proxy.ts: 13ms, application-code: 120ms)
 GET /login 200 in 156ms (next.js: 13ms, proxy.ts: 3ms, application-code: 139ms)
 GET /login 200 in 150ms (next.js: 13ms, proxy.ts: 37ms, application-code: 100ms)
 GET /login 200 in 126ms (next.js: 34ms, proxy.ts: 13ms, application-code: 79ms)
 GET /login 200 in 122ms (next.js: 49ms, proxy.ts: 10ms, application-code: 63ms)
 GET /login 200 in 122ms (next.js: 65ms, proxy.ts: 10ms, application-code: 47ms)
 GET /login 200 in 124ms (next.js: 81ms, proxy.ts: 10ms, application-code: 33ms)
 GET /login 200 in 129ms (next.js: 13ms, proxy.ts: 4ms, application-code: 112ms)
 GET /login 200 in 125ms (next.js: 11ms, proxy.ts: 31ms, application-code: 83ms)
 GET /login 200 in 122ms (next.js: 29ms, proxy.ts: 30ms, application-code: 62ms)
 GET /login 200 in 95ms (next.js: 26ms, proxy.ts: 28ms, application-code: 41ms)
✓ Compiled in 250ms
 GET /login 200 in 586ms (next.js: 347ms, proxy.ts: 166ms, application-code: 72ms)
 GET /login 200 in 80ms (next.js: 9ms, proxy.ts: 37ms, application-code: 33ms)
 GET /login 200 in 45ms (next.js: 8ms, proxy.ts: 6ms, application-code: 32ms)
 GET /login 200 in 61ms (next.js: 11ms, proxy.ts: 5ms, application-code: 45ms)
 GET /login 200 in 73ms (next.js: 10ms, proxy.ts: 4ms, application-code: 59ms)
 GET /login 200 in 42ms (next.js: 8ms, proxy.ts: 5ms, application-code: 30ms)
 GET /login 200 in 49ms (next.js: 13ms, proxy.ts: 5ms, application-code: 31ms)
 GET /login 200 in 42ms (next.js: 8ms, proxy.ts: 4ms, application-code: 31ms)
 GET /login 200 in 47ms (next.js: 8ms, proxy.ts: 5ms, application-code: 35ms)
 GET /login 200 in 75ms (next.js: 9ms, proxy.ts: 4ms, application-code: 62ms)
 GET /login 200 in 225ms (next.js: 6ms, proxy.ts: 3ms, application-code: 216ms)
 GET /login 200 in 194ms (next.js: 15ms, proxy.ts: 12ms, application-code: 167ms)
 GET /login 200 in 196ms (next.js: 44ms, proxy.ts: 12ms, application-code: 141ms)
 GET /login 200 in 223ms (next.js: 90ms, proxy.ts: 12ms, application-code: 122ms)
 GET /login 200 in 225ms (next.js: 68ms, proxy.ts: 11ms, application-code: 146ms)
 GET /login 200 in 228ms (next.js: 116ms, proxy.ts: 11ms, application-code: 101ms)
 GET /login 200 in 129ms (next.js: 10ms, proxy.ts: 5ms, application-code: 114ms)
 GET /login 200 in 90ms (next.js: 8ms, proxy.ts: 11ms, application-code: 71ms)
 GET /login 200 in 86ms (next.js: 32ms, proxy.ts: 9ms, application-code: 46ms)
 GET /login 200 in 84ms (next.js: 54ms, proxy.ts: 6ms, application-code: 23ms)
✓ Compiled in 229ms
 GET /login 200 in 584ms (next.js: 167ms, proxy.ts: 285ms, application-code: 132ms)
 GET /login 200 in 328ms (next.js: 7ms, proxy.ts: 25ms, application-code: 296ms)
 GET /login 200 in 226ms (next.js: 17ms, proxy.ts: 35ms, application-code: 174ms)
 GET /login 200 in 226ms (next.js: 50ms, proxy.ts: 36ms, application-code: 140ms)
 GET /login 200 in 224ms (next.js: 111ms, proxy.ts: 35ms, application-code: 77ms)
 GET /login 200 in 227ms (next.js: 84ms, proxy.ts: 36ms, application-code: 107ms)
 GET /login 200 in 222ms (next.js: 147ms, proxy.ts: 34ms, application-code: 41ms)
 GET /login 200 in 272ms (next.js: 16ms, proxy.ts: 5ms, application-code: 251ms)
 GET /login 200 in 233ms (next.js: 17ms, proxy.ts: 19ms, application-code: 197ms)
 GET /login 200 in 230ms (next.js: 114ms, proxy.ts: 20ms, application-code: 96ms)
 GET /login 200 in 232ms (next.js: 81ms, proxy.ts: 20ms, application-code: 131ms)
 GET /login 200 in 235ms (next.js: 51ms, proxy.ts: 20ms, application-code: 165ms)
 GET /login 200 in 232ms (next.js: 139ms, proxy.ts: 20ms, application-code: 74ms)
 GET /login 200 in 247ms (next.js: 26ms, proxy.ts: 5ms, application-code: 216ms)
 GET /login 200 in 238ms (next.js: 14ms, proxy.ts: 54ms, application-code: 169ms)
 GET /login 200 in 237ms (next.js: 84ms, proxy.ts: 55ms, application-code: 99ms)
 GET /login 200 in 239ms (next.js: 48ms, proxy.ts: 55ms, application-code: 136ms)
 GET /login 200 in 237ms (next.js: 113ms, proxy.ts: 54ms, application-code: 69ms)
 GET /login 200 in 235ms (next.js: 145ms, proxy.ts: 51ms, application-code: 38ms)
 GET /login 200 in 42ms (next.js: 6ms, proxy.ts: 8ms, application-code: 28ms)
✓ Compiled in 381ms
 GET /login 200 in 702ms (next.js: 270ms, proxy.ts: 366ms, application-code: 65ms)
 GET /login 200 in 1025ms (next.js: 917ms, proxy.ts: 8ms, application-code: 101ms)
 GET /login 200 in 323ms (next.js: 11ms, proxy.ts: 7ms, application-code: 306ms)
 GET /login 200 in 270ms (next.js: 16ms, proxy.ts: 16ms, application-code: 238ms)
 GET /login 200 in 270ms (next.js: 55ms, proxy.ts: 16ms, application-code: 198ms)
 GET /login 200 in 272ms (next.js: 139ms, proxy.ts: 16ms, application-code: 117ms)
 GET /login 200 in 276ms (next.js: 98ms, proxy.ts: 16ms, application-code: 162ms)
 GET /login 200 in 275ms (next.js: 180ms, proxy.ts: 16ms, application-code: 79ms)
 GET /login 200 in 205ms (next.js: 17ms, proxy.ts: 4ms, application-code: 184ms)
 GET /login 200 in 199ms (next.js: 13ms, proxy.ts: 48ms, application-code: 139ms)
 GET /login 200 in 165ms (next.js: 39ms, proxy.ts: 15ms, application-code: 110ms)
 GET /login 200 in 163ms (next.js: 67ms, proxy.ts: 13ms, application-code: 82ms)
 GET /login 200 in 159ms (next.js: 98ms, proxy.ts: 10ms, application-code: 51ms)
 GET /login 200 in 191ms (next.js: 120ms, proxy.ts: 10ms, application-code: 61ms)
 GET /login 200 in 226ms (next.js: 13ms, proxy.ts: 5ms, application-code: 208ms)
 GET /login 200 in 218ms (next.js: 38ms, proxy.ts: 36ms, application-code: 144ms)
 GET /login 200 in 222ms (next.js: 11ms, proxy.ts: 37ms, application-code: 174ms)
 GET /login 200 in 191ms (next.js: 130ms, proxy.ts: 9ms, application-code: 52ms)
 GET /login 200 in 202ms (next.js: 69ms, proxy.ts: 12ms, application-code: 121ms)
 GET /login 200 in 230ms (next.js: 91ms, proxy.ts: 66ms, application-code: 74ms)
 GET /login 200 in 175ms (next.js: 17ms, proxy.ts: 13ms, application-code: 146ms)
 GET /login 200 in 163ms (next.js: 11ms, proxy.ts: 34ms, application-code: 118ms)
 GET /login 200 in 163ms (next.js: 35ms, proxy.ts: 33ms, application-code: 95ms)
 GET /login 200 in 166ms (next.js: 56ms, proxy.ts: 35ms, application-code: 76ms)
 GET /login 200 in 165ms (next.js: 79ms, proxy.ts: 34ms, application-code: 52ms)
 GET /login 200 in 162ms (next.js: 7ms, proxy.ts: 96ms, application-code: 59ms)
 GET /login 200 in 206ms (next.js: 12ms, proxy.ts: 8ms, application-code: 185ms)
 GET /login 200 in 206ms (next.js: 34ms, proxy.ts: 10ms, application-code: 162ms)
 GET /login 200 in 207ms (next.js: 34ms, proxy.ts: 29ms, application-code: 144ms)
 GET /login 200 in 209ms (next.js: 55ms, proxy.ts: 30ms, application-code: 124ms)
 GET /login 200 in 191ms (next.js: 58ms, proxy.ts: 33ms, application-code: 100ms)
 GET /login 200 in 211ms (next.js: 29ms, proxy.ts: 60ms, application-code: 123ms)
 GET /login 200 in 159ms (next.js: 18ms, proxy.ts: 11ms, application-code: 130ms)
 GET /login 200 in 180ms (next.js: 44ms, proxy.ts: 12ms, application-code: 124ms)
 GET /login 200 in 176ms (next.js: 45ms, proxy.ts: 40ms, application-code: 91ms)
 GET /login 200 in 172ms (next.js: 77ms, proxy.ts: 38ms, application-code: 57ms)
 GET /login 200 in 110ms (next.js: 7ms, proxy.ts: 27ms, application-code: 76ms)
 GET /login 200 in 56ms (next.js: 6ms, proxy.ts: 6ms, application-code: 43ms)
 GET /login 200 in 188ms (next.js: 96ms, proxy.ts: 72ms, application-code: 19ms)
 GET /api/auth/providers 200 in 382ms (next.js: 349ms, proxy.ts: 4ms, application-code: 29ms)
 GET /api/auth/csrf 200 in 21ms (next.js: 6ms, proxy.ts: 3ms, application-code: 11ms)
 POST /api/auth/callback/credentials? 200 in 1057ms (next.js: 8ms, proxy.ts: 51ms, application-code: 998ms)
 GET /dashboard 200 in 6.0s (next.js: 863ms, proxy.ts: 4ms, application-code: 5.2s)
 GET /api/runtime/updates 200 in 656ms (next.js: 448ms, proxy.ts: 6ms, application-code: 203ms)
○ Compiling /accounting/payments ...
 GET /accounting/payments 200 in 2.2s (next.js: 426ms, proxy.ts: 48ms, application-code: 1703ms)
 GET /accounting/payments 200 in 15.0s (next.js: 12.0s, proxy.ts: 4ms, application-code: 3.0s)
 GET /dashboard 200 in 2.0s (next.js: 555ms, proxy.ts: 11ms, application-code: 1471ms)
 GET /dashboard 200 in 1373ms (next.js: 52ms, proxy.ts: 10ms, application-code: 1311ms)
 GET /dashboard 200 in 1434ms (next.js: 10ms, proxy.ts: 5ms, application-code: 1419ms)
 GET /dashboard 200 in 1640ms (next.js: 13ms, proxy.ts: 10ms, application-code: 1617ms)
 GET /dashboard 200 in 1134ms (next.js: 9ms, proxy.ts: 9ms, application-code: 1116ms)
 GET /dashboard 200 in 828ms (next.js: 11ms, proxy.ts: 4ms, application-code: 813ms)
 GET /dashboard 200 in 956ms (next.js: 6ms, proxy.ts: 7ms, application-code: 943ms)
 GET /dashboard 200 in 1217ms (next.js: 9ms, proxy.ts: 12ms, application-code: 1197ms)
 GET /dashboard 200 in 1298ms (next.js: 62ms, proxy.ts: 6ms, application-code: 1229ms)
 GET /dashboard 200 in 1008ms (next.js: 11ms, proxy.ts: 6ms, application-code: 992ms)
 GET /dashboard 200 in 1182ms (next.js: 16ms, proxy.ts: 41ms, application-code: 1124ms)
 GET /dashboard 200 in 1143ms (next.js: 11ms, proxy.ts: 12ms, application-code: 1120ms)
 GET /dashboard 200 in 1144ms (next.js: 52ms, proxy.ts: 12ms, application-code: 1080ms)
 GET /dashboard 200 in 1124ms (next.js: 19ms, proxy.ts: 73ms, application-code: 1032ms)
 GET /dashboard 200 in 1151ms (next.js: 12ms, proxy.ts: 60ms, application-code: 1079ms)
 GET /dashboard 200 in 1217ms (next.js: 54ms, proxy.ts: 15ms, application-code: 1148ms)
 GET /dashboard 200 in 1100ms (next.js: 12ms, proxy.ts: 15ms, application-code: 1074ms)
 GET /dashboard 200 in 1134ms (next.js: 13ms, proxy.ts: 55ms, application-code: 1066ms)
 GET /dashboard 200 in 1134ms (next.js: 54ms, proxy.ts: 58ms, application-code: 1021ms)
 GET /dashboard 200 in 862ms (next.js: 5ms, proxy.ts: 4ms, application-code: 853ms)
 GET /dashboard 200 in 780ms (next.js: 8ms, proxy.ts: 34ms, application-code: 737ms)
○ Compiling /accounting/allocations ...
 GET /accounting/allocations 200 in 4.4s (next.js: 4.0s, proxy.ts: 9ms, application-code: 388ms)
 GET /accounting/payment-entries/new 200 in 2.7s (next.js: 2.2s, proxy.ts: 13ms, application-code: 427ms)
 GET /accounting/payment-entries/new 200 in 1765ms (next.js: 463ms, proxy.ts: 54ms, application-code: 1249ms)
 GET /accounting/payment-entries/new 200 in 1289ms (next.js: 152ms, proxy.ts: 12ms, application-code: 1125ms)
 GET /accounting/payment-entries/new 200 in 2.9s (next.js: 538ms, proxy.ts: 17ms, application-code: 2.4s)
 GET /accounting/payment-entries/new 200 in 1428ms (next.js: 15ms, proxy.ts: 14ms, application-code: 1399ms)
 GET /accounting/payment-entries/new 200 in 1428ms (next.js: 57ms, proxy.ts: 14ms, application-code: 1357ms)
 GET /accounting/payment-entries/new 200 in 1427ms (next.js: 110ms, proxy.ts: 13ms, application-code: 1305ms)
 GET /accounting/payment-entries/new 200 in 896ms (next.js: 6ms, proxy.ts: 4ms, application-code: 885ms)
 GET /accounting/payment-entries/new 200 in 770ms (next.js: 8ms, proxy.ts: 5ms, application-code: 757ms)
 GET /accounting/payment-entries/new 200 in 1156ms (next.js: 50ms, proxy.ts: 4ms, application-code: 1102ms)
 GET /accounting/payment-entries/new 200 in 1139ms (next.js: 113ms, proxy.ts: 12ms, application-code: 1013ms)
 GET /accounting/payment-entries/new 200 in 1211ms (next.js: 69ms, proxy.ts: 13ms, application-code: 1130ms)
 GET /accounting/payment-entries/new 200 in 1218ms (next.js: 30ms, proxy.ts: 9ms, application-code: 1179ms)
 GET /accounting/payment-entries/new 200 in 981ms (next.js: 124ms, proxy.ts: 3ms, application-code: 854ms)
 GET /accounting/payment-entries/new 200 in 911ms (next.js: 162ms, proxy.ts: 11ms, application-code: 738ms)
 GET /accounting/payment-entries/new 200 in 852ms (next.js: 12ms, proxy.ts: 5ms, application-code: 835ms)
 GET /accounting/payment-entries/new 200 in 869ms (next.js: 5ms, proxy.ts: 3ms, application-code: 861ms)
 GET /accounting/payment-entries/new 200 in 789ms (next.js: 9ms, proxy.ts: 75ms, application-code: 705ms)
 GET /accounting/payment-entries/new 200 in 901ms (next.js: 27ms, proxy.ts: 6ms, application-code: 868ms)
 GET /accounting/payment-entries/new 200 in 798ms (next.js: 5ms, proxy.ts: 4ms, application-code: 789ms)
 GET /accounting/payment-entries/new 200 in 1254ms (next.js: 9ms, proxy.ts: 3ms, application-code: 1242ms)
 GET /accounting/payment-entries/new 200 in 1119ms (next.js: 7ms, proxy.ts: 3ms, application-code: 1110ms)
 GET /accounting/payment-entries/new 200 in 1195ms (next.js: 9ms, proxy.ts: 7ms, application-code: 1180ms)
 GET /accounting/payment-entries/new 200 in 1128ms (next.js: 6ms, proxy.ts: 13ms, application-code: 1109ms)
 GET /accounting/payment-entries/new 200 in 1203ms (next.js: 8ms, proxy.ts: 11ms, application-code: 1183ms)
 GET /api/runtime/updates 304 in 910ms (next.js: 425ms, proxy.ts: 4ms, application-code: 480ms)
 GET /api/runtime/updates 304 in 204ms (next.js: 6ms, proxy.ts: 5ms, application-code: 193ms)
 GET /api/runtime/updates 304 in 804ms (next.js: 5ms, proxy.ts: 3ms, application-code: 796ms)
 GET /accounting/payment-entries/new 200 in 5.0s (next.js: 101ms, proxy.ts: 28ms, application-code: 4.8s)
 GET /accounting/payment-entries/new 200 in 6.9s (next.js: 1011ms, proxy.ts: 67ms, application-code: 5.9s)
 GET /accounting/payment-entries/new 200 in 4.9s (next.js: 1009ms, proxy.ts: 465ms, application-code: 3.5s)
 GET /accounting/payment-entries/new 200 in 5.0s (next.js: 1163ms, proxy.ts: 463ms, application-code: 3.3s)
 GET /accounting/payment-entries/new 200 in 5.0s (next.js: 870ms, proxy.ts: 467ms, application-code: 3.6s)
 GET /accounting/payment-entries/new 200 in 5.3s (next.js: 52ms, proxy.ts: 465ms, application-code: 4.8s)
 GET /accounting/payment-entries/new 200 in 1828ms (next.js: 155ms, proxy.ts: 130ms, application-code: 1544ms)
 GET /accounting/payment-entries/new 200 in 1394ms (next.js: 181ms, proxy.ts: 80ms, application-code: 1133ms)
 GET /accounting/payment-entries/new 200 in 1731ms (next.js: 61ms, proxy.ts: 374ms, application-code: 1297ms)
 GET /accounting/payment-entries/new 200 in 1696ms (next.js: 305ms, proxy.ts: 87ms, application-code: 1305ms)
 GET /accounting/payment-entries/new 200 in 1696ms (next.js: 239ms, proxy.ts: 80ms, application-code: 1377ms)
 GET /accounting/payment-entries/new 200 in 1668ms (next.js: 236ms, proxy.ts: 240ms, application-code: 1192ms)
 GET /accounting/payment-entries/new 200 in 1091ms (next.js: 7ms, proxy.ts: 4ms, application-code: 1081ms)
 GET /accounting/payment-entries/new 200 in 1370ms (next.js: 13ms, proxy.ts: 115ms, application-code: 1242ms)
 GET /accounting/payment-entries/new 200 in 1443ms (next.js: 96ms, proxy.ts: 116ms, application-code: 1231ms)
 GET /accounting/payment-entries/new 200 in 1282ms (next.js: 22ms, proxy.ts: 19ms, application-code: 1241ms)
 GET /accounting/payment-entries/new 200 in 1341ms (next.js: 158ms, proxy.ts: 21ms, application-code: 1163ms)
 GET /accounting/payment-entries/new 200 in 1465ms (next.js: 49ms, proxy.ts: 293ms, application-code: 1123ms)
 GET /accounting/payment-entries/new 200 in 964ms (next.js: 7ms, proxy.ts: 5ms, application-code: 952ms)
 GET /accounting/payment-entries/new 200 in 1289ms (next.js: 15ms, proxy.ts: 6ms, application-code: 1268ms)
 GET /accounting/payment-entries/new 200 in 1272ms (next.js: 8ms, proxy.ts: 8ms, application-code: 1256ms)
 GET /accounting/payment-entries/new 200 in 1221ms (next.js: 7ms, proxy.ts: 5ms, application-code: 1209ms)
 GET /accounting/payment-entries/new 200 in 1185ms (next.js: 8ms, proxy.ts: 8ms, application-code: 1170ms)
✓ Compiled in 3s
 GET /accounting/payment-entries/new 200 in 4.4s (next.js: 642ms, proxy.ts: 114ms, application-code: 3.6s)
 GET /accounting/payment-entries/new 200 in 3.3s (next.js: 27ms, proxy.ts: 13ms, application-code: 3.2s)
 GET /accounting/payment-entries/new 200 in 4.7s (next.js: 1167ms, proxy.ts: 62ms, application-code: 3.5s)
 GET /accounting/payment-entries/new 200 in 4.7s (next.js: 1071ms, proxy.ts: 65ms, application-code: 3.6s)
 GET /accounting/payment-entries/new 200 in 4.7s (next.js: 1290ms, proxy.ts: 64ms, application-code: 3.4s)
 GET /accounting/payment-entries/new 200 in 4.7s (next.js: 446ms, proxy.ts: 1051ms, application-code: 3.2s)
 GET /accounting/payment-entries/new 200 in 8.5s (next.js: 22ms, proxy.ts: 18ms, application-code: 8.5s)
 GET /accounting/payment-entries/new 200 in 8.1s (next.js: 12ms, proxy.ts: 8ms, application-code: 8.0s)
 GET /accounting/payment-entries/new 200 in 6.8s (next.js: 3.2s, proxy.ts: 257ms, application-code: 3.3s)
 GET /accounting/payment-entries/new 200 in 6.8s (next.js: 4.0s, proxy.ts: 261ms, application-code: 2.5s)
 GET /accounting/payment-entries/new 200 in 6.8s (next.js: 4.9s, proxy.ts: 230ms, application-code: 1714ms)
 GET /accounting/payment-entries/new 200 in 6.8s (next.js: 4.4s, proxy.ts: 225ms, application-code: 2.2s)
 GET /accounting/payment-entries/new 200 in 855ms (next.js: 16ms, proxy.ts: 6ms, application-code: 833ms)
 GET /accounting/payment-entries/new 200 in 792ms (next.js: 6ms, proxy.ts: 4ms, application-code: 782ms)
 GET /accounting/payment-entries/new 200 in 751ms (next.js: 49ms, proxy.ts: 4ms, application-code: 698ms)
 GET /accounting/payment-entries/new 200 in 757ms (next.js: 8ms, proxy.ts: 6ms, application-code: 744ms)
 GET /accounting/payment-entries/new 200 in 744ms (next.js: 46ms, proxy.ts: 6ms, application-code: 692ms)
 GET /accounting/payment-entries/new 200 in 747ms (next.js: 8ms, proxy.ts: 6ms, application-code: 733ms)
 GET /accounting/payment-entries/new 200 in 805ms (next.js: 7ms, proxy.ts: 4ms, application-code: 794ms)
 GET /accounting/payment-entries/new 200 in 827ms (next.js: 7ms, proxy.ts: 4ms, application-code: 816ms)
 GET /accounting/payment-entries/new 200 in 794ms (next.js: 8ms, proxy.ts: 9ms, application-code: 778ms)
 GET /accounting/payment-entries/new 200 in 883ms (next.js: 38ms, proxy.ts: 4ms, application-code: 840ms)
 GET /accounting/payment-entries/new 200 in 762ms (next.js: 12ms, proxy.ts: 4ms, application-code: 745ms)
 GET /accounting/payment-entries/new 200 in 850ms (next.js: 42ms, proxy.ts: 4ms, application-code: 805ms)
 GET /accounting/payment-entries/new 200 in 847ms (next.js: 6ms, proxy.ts: 5ms, application-code: 836ms)
 GET /accounting/payment-entries/new 200 in 679ms (next.js: 6ms, proxy.ts: 3ms, application-code: 670ms)
 GET /accounting/payment-entries/new 200 in 576ms (next.js: 6ms, proxy.ts: 3ms, application-code: 567ms)
 GET /accounting/payment-entries/new 200 in 677ms (next.js: 11ms, proxy.ts: 4ms, application-code: 662ms)
 GET /accounting/payment-entries/new 200 in 626ms (next.js: 34ms, proxy.ts: 3ms, application-code: 588ms)
 GET /accounting/payment-entries/new 200 in 607ms (next.js: 16ms, proxy.ts: 25ms, application-code: 565ms)
 GET /accounting/payment-entries/new 200 in 543ms (next.js: 39ms, proxy.ts: 5ms, application-code: 499ms)
[?25h
