=--max-old-space-size=8192 : The term '=--max-old-space-size=8192' is not recognized as the name of a cmdlet, 
function, script file, or operable program. Check the spelling of the name, or if a path was included, verify that the 
path is correct and try again.
At line:1 char:1
+ ='--max-old-space-size=8192'; npm run dev
+ ~~~~~~~~~~~~~~~~~~~~~~~~~~~~
    + CategoryInfo          : ObjectNotFound: (=--max-old-space-size=8192:String) [], CommandNotFoundException
    + FullyQualifiedErrorId : CommandNotFoundException
 
⨯ ./src/app/(dashboard)/crm/vendors/page.tsx:6:1
Module not found: Can't resolve '@/components/monolith/vendor-master-create-form'
  [90m4 |[0m   [33mCrmPermissionState[0m,
  [90m5 |[0m } [36mfrom[0m [32m"@/components/monolith/crm-workspace"[0m;
[31m[1m>[0m [90m6 |[0m [36mimport[0m { [33mVendorMasterCreateForm[0m } [36mfrom[0m [32m"@/components/monolith/vendor-master-create-form"[0m;
  [90m  |[0m [31m[1m^^^^^^^^^^^^^^^^^^^^^^^^^^^^^^^^^^^^^^^^^^^^^^^^^^^^^^^^^^^^^^^^^^^^^^^^^^^^^^^^^^^^^^^^^[0m
  [90m7 |[0m [36mimport[0m [33mReact[0m [36mfrom[0m [32m"react"[0m;
  [90m8 |[0m [36mimport[0m { redirect } [36mfrom[0m [32m"next/navigation"[0m;
  [90m9 |[0m [36mimport[0m { getSession } [36mfrom[0m [32m"@/lib/auth"[0m;

Import map: aliased to relative './src/components/monolith/vendor-master-create-form' inside of [project]/


https://nextjs.org/docs/messages/module-not-found


⨯ ./src/app/(dashboard)/crm/vendors/page.tsx:6:1
Module not found: Can't resolve '@/components/monolith/vendor-master-create-form'
  [90m4 |[0m   [33mCrmPermissionState[0m,
  [90m5 |[0m } [36mfrom[0m [32m"@/components/monolith/crm-workspace"[0m;
[31m[1m>[0m [90m6 |[0m [36mimport[0m { [33mVendorMasterCreateForm[0m } [36mfrom[0m [32m"@/components/monolith/vendor-master-create-form"[0m;
  [90m  |[0m [31m[1m^^^^^^^^^^^^^^^^^^^^^^^^^^^^^^^^^^^^^^^^^^^^^^^^^^^^^^^^^^^^^^^^^^^^^^^^^^^^^^^^^^^^^^^^^[0m
  [90m7 |[0m [36mimport[0m [33mReact[0m [36mfrom[0m [32m"react"[0m;
  [90m8 |[0m [36mimport[0m { redirect } [36mfrom[0m [32m"next/navigation"[0m;
  [90m9 |[0m [36mimport[0m { getSession } [36mfrom[0m [32m"@/lib/auth"[0m;

Import map: aliased to relative './src/components/monolith/vendor-master-create-form' inside of [project]/


https://nextjs.org/docs/messages/module-not-found


⨯ ./src/app/(dashboard)/accounting/vendor-master/page.tsx:12:1
Module not found: Can't resolve '@/components/monolith/vendor-master-create-form'
  [90m10 |[0m   [33mAccountingTable[0m,
  [90m11 |[0m } [36mfrom[0m [32m"@/components/monolith/accounting-workspace"[0m;
[31m[1m>[0m [90m12 |[0m [36mimport[0m { [33mVendorMasterCreateForm[0m } [36mfrom[0m [32m"@/components/monolith/vendor-master-create-form"[0m;
  [90m   |[0m [31m[1m^^^^^^^^^^^^^^^^^^^^^^^^^^^^^^^^^^^^^^^^^^^^^^^^^^^^^^^^^^^^^^^^^^^^^^^^^^^^^^^^^^^^^^^^^[0m
  [90m13 |[0m [36mimport[0m { [33mBadge[0m } [36mfrom[0m [32m"@/components/monolith/badge"[0m;
  [90m14 |[0m [36mimport[0m { [33mDeleteRecordButton[0m } [36mfrom[0m [32m"@/app/(dashboard)/crm/_components/delete-record-button"[0m;
  [90m15 |[0m [36mimport[0m { deleteVendorAction } [36mfrom[0m [32m"@/modules/crm/actions"[0m;

Import map: aliased to relative './src/components/monolith/vendor-master-create-form' inside of [project]/


https://nextjs.org/docs/messages/module-not-found


⨯ ./src/app/(dashboard)/accounting/vendor-master/page.tsx:12:1
Module not found: Can't resolve '@/components/monolith/vendor-master-create-form'
  [90m10 |[0m   [33mAccountingTable[0m,
  [90m11 |[0m } [36mfrom[0m [32m"@/components/monolith/accounting-workspace"[0m;
[31m[1m>[0m [90m12 |[0m [36mimport[0m { [33mVendorMasterCreateForm[0m } [36mfrom[0m [32m"@/components/monolith/vendor-master-create-form"[0m;
  [90m   |[0m [31m[1m^^^^^^^^^^^^^^^^^^^^^^^^^^^^^^^^^^^^^^^^^^^^^^^^^^^^^^^^^^^^^^^^^^^^^^^^^^^^^^^^^^^^^^^^^[0m
  [90m13 |[0m [36mimport[0m { [33mBadge[0m } [36mfrom[0m [32m"@/components/monolith/badge"[0m;
  [90m14 |[0m [36mimport[0m { [33mDeleteRecordButton[0m } [36mfrom[0m [32m"@/app/(dashboard)/crm/_components/delete-record-button"[0m;
  [90m15 |[0m [36mimport[0m { deleteVendorAction } [36mfrom[0m [32m"@/modules/crm/actions"[0m;

Import map: aliased to relative './src/components/monolith/vendor-master-create-form' inside of [project]/


https://nextjs.org/docs/messages/module-not-found


⨯ ./src/app/(dashboard)/crm/vendors/page.tsx:6:1
Module not found: Can't resolve '@/components/monolith/vendor-master-create-form'
  [90m4 |[0m   [33mCrmPermissionState[0m,
  [90m5 |[0m } [36mfrom[0m [32m"@/components/monolith/crm-workspace"[0m;
[31m[1m>[0m [90m6 |[0m [36mimport[0m { [33mVendorMasterCreateForm[0m } [36mfrom[0m [32m"@/components/monolith/vendor-master-create-form"[0m;
  [90m  |[0m [31m[1m^^^^^^^^^^^^^^^^^^^^^^^^^^^^^^^^^^^^^^^^^^^^^^^^^^^^^^^^^^^^^^^^^^^^^^^^^^^^^^^^^^^^^^^^^[0m
  [90m7 |[0m [36mimport[0m [33mReact[0m [36mfrom[0m [32m"react"[0m;
  [90m8 |[0m [36mimport[0m { redirect } [36mfrom[0m [32m"next/navigation"[0m;
  [90m9 |[0m [36mimport[0m { getSession } [36mfrom[0m [32m"@/lib/auth"[0m;

Import map: aliased to relative './src/components/monolith/vendor-master-create-form' inside of [project]/


https://nextjs.org/docs/messages/module-not-found


⨯ ./src/app/(dashboard)/crm/vendors/page.tsx:6:1
Module not found: Can't resolve '@/components/monolith/vendor-master-create-form'
  [90m4 |[0m   [33mCrmPermissionState[0m,
  [90m5 |[0m } [36mfrom[0m [32m"@/components/monolith/crm-workspace"[0m;
[31m[1m>[0m [90m6 |[0m [36mimport[0m { [33mVendorMasterCreateForm[0m } [36mfrom[0m [32m"@/components/monolith/vendor-master-create-form"[0m;
  [90m  |[0m [31m[1m^^^^^^^^^^^^^^^^^^^^^^^^^^^^^^^^^^^^^^^^^^^^^^^^^^^^^^^^^^^^^^^^^^^^^^^^^^^^^^^^^^^^^^^^^[0m
  [90m7 |[0m [36mimport[0m [33mReact[0m [36mfrom[0m [32m"react"[0m;
  [90m8 |[0m [36mimport[0m { redirect } [36mfrom[0m [32m"next/navigation"[0m;
  [90m9 |[0m [36mimport[0m { getSession } [36mfrom[0m [32m"@/lib/auth"[0m;

Import map: aliased to relative './src/components/monolith/vendor-master-create-form' inside of [project]/


https://nextjs.org/docs/messages/module-not-found


⨯ ./src/app/(dashboard)/crm/vendors/page.tsx:6:1
Module not found: Can't resolve '@/components/monolith/vendor-master-create-form'
  [90m4 |[0m   [33mCrmPermissionState[0m,
  [90m5 |[0m } [36mfrom[0m [32m"@/components/monolith/crm-workspace"[0m;
[31m[1m>[0m [90m6 |[0m [36mimport[0m { [33mVendorMasterCreateForm[0m } [36mfrom[0m [32m"@/components/monolith/vendor-master-create-form"[0m;
  [90m  |[0m [31m[1m^^^^^^^^^^^^^^^^^^^^^^^^^^^^^^^^^^^^^^^^^^^^^^^^^^^^^^^^^^^^^^^^^^^^^^^^^^^^^^^^^^^^^^^^^[0m
  [90m7 |[0m [36mimport[0m [33mReact[0m [36mfrom[0m [32m"react"[0m;
  [90m8 |[0m [36mimport[0m { redirect } [36mfrom[0m [32m"next/navigation"[0m;
  [90m9 |[0m [36mimport[0m { getSession } [36mfrom[0m [32m"@/lib/auth"[0m;

Import map: aliased to relative './src/components/monolith/vendor-master-create-form' inside of [project]/


https://nextjs.org/docs/messages/module-not-found


⨯ ./src/app/(dashboard)/crm/vendors/page.tsx:6:1
Module not found: Can't resolve '@/components/monolith/vendor-master-create-form'
  [90m4 |[0m   [33mCrmPermissionState[0m,
  [90m5 |[0m } [36mfrom[0m [32m"@/components/monolith/crm-workspace"[0m;
[31m[1m>[0m [90m6 |[0m [36mimport[0m { [33mVendorMasterCreateForm[0m } [36mfrom[0m [32m"@/components/monolith/vendor-master-create-form"[0m;
  [90m  |[0m [31m[1m^^^^^^^^^^^^^^^^^^^^^^^^^^^^^^^^^^^^^^^^^^^^^^^^^^^^^^^^^^^^^^^^^^^^^^^^^^^^^^^^^^^^^^^^^[0m
  [90m7 |[0m [36mimport[0m [33mReact[0m [36mfrom[0m [32m"react"[0m;
  [90m8 |[0m [36mimport[0m { redirect } [36mfrom[0m [32m"next/navigation"[0m;
  [90m9 |[0m [36mimport[0m { getSession } [36mfrom[0m [32m"@/lib/auth"[0m;

Import map: aliased to relative './src/components/monolith/vendor-master-create-form' inside of [project]/


https://nextjs.org/docs/messages/module-not-found


⨯ ./src/app/(dashboard)/accounting/vendor-master/page.tsx:12:1
Module not found: Can't resolve '@/components/monolith/vendor-master-create-form'
  [90m10 |[0m   [33mAccountingTable[0m,
  [90m11 |[0m } [36mfrom[0m [32m"@/components/monolith/accounting-workspace"[0m;
[31m[1m>[0m [90m12 |[0m [36mimport[0m { [33mVendorMasterCreateForm[0m } [36mfrom[0m [32m"@/components/monolith/vendor-master-create-form"[0m;
  [90m   |[0m [31m[1m^^^^^^^^^^^^^^^^^^^^^^^^^^^^^^^^^^^^^^^^^^^^^^^^^^^^^^^^^^^^^^^^^^^^^^^^^^^^^^^^^^^^^^^^^[0m
  [90m13 |[0m [36mimport[0m { [33mBadge[0m } [36mfrom[0m [32m"@/components/monolith/badge"[0m;
  [90m14 |[0m [36mimport[0m { [33mDeleteRecordButton[0m } [36mfrom[0m [32m"@/app/(dashboard)/crm/_components/delete-record-button"[0m;
  [90m15 |[0m [36mimport[0m { deleteVendorAction } [36mfrom[0m [32m"@/modules/crm/actions"[0m;

Import map: aliased to relative './src/components/monolith/vendor-master-create-form' inside of [project]/


https://nextjs.org/docs/messages/module-not-found


⨯ ./src/app/(dashboard)/accounting/vendor-master/page.tsx:12:1
Module not found: Can't resolve '@/components/monolith/vendor-master-create-form'
  [90m10 |[0m   [33mAccountingTable[0m,
  [90m11 |[0m } [36mfrom[0m [32m"@/components/monolith/accounting-workspace"[0m;
[31m[1m>[0m [90m12 |[0m [36mimport[0m { [33mVendorMasterCreateForm[0m } [36mfrom[0m [32m"@/components/monolith/vendor-master-create-form"[0m;
  [90m   |[0m [31m[1m^^^^^^^^^^^^^^^^^^^^^^^^^^^^^^^^^^^^^^^^^^^^^^^^^^^^^^^^^^^^^^^^^^^^^^^^^^^^^^^^^^^^^^^^^[0m
  [90m13 |[0m [36mimport[0m { [33mBadge[0m } [36mfrom[0m [32m"@/components/monolith/badge"[0m;
  [90m14 |[0m [36mimport[0m { [33mDeleteRecordButton[0m } [36mfrom[0m [32m"@/app/(dashboard)/crm/_components/delete-record-button"[0m;
  [90m15 |[0m [36mimport[0m { deleteVendorAction } [36mfrom[0m [32m"@/modules/crm/actions"[0m;

Import map: aliased to relative './src/components/monolith/vendor-master-create-form' inside of [project]/


https://nextjs.org/docs/messages/module-not-found


⨯ ./src/app/(dashboard)/accounting/vendor-master/page.tsx:12:1
Module not found: Can't resolve '@/components/monolith/vendor-master-create-form'
  [90m10 |[0m   [33mAccountingTable[0m,
  [90m11 |[0m } [36mfrom[0m [32m"@/components/monolith/accounting-workspace"[0m;
[31m[1m>[0m [90m12 |[0m [36mimport[0m { [33mVendorMasterCreateForm[0m } [36mfrom[0m [32m"@/components/monolith/vendor-master-create-form"[0m;
  [90m   |[0m [31m[1m^^^^^^^^^^^^^^^^^^^^^^^^^^^^^^^^^^^^^^^^^^^^^^^^^^^^^^^^^^^^^^^^^^^^^^^^^^^^^^^^^^^^^^^^^[0m
  [90m13 |[0m [36mimport[0m { [33mBadge[0m } [36mfrom[0m [32m"@/components/monolith/badge"[0m;
  [90m14 |[0m [36mimport[0m { [33mDeleteRecordButton[0m } [36mfrom[0m [32m"@/app/(dashboard)/crm/_components/delete-record-button"[0m;
  [90m15 |[0m [36mimport[0m { deleteVendorAction } [36mfrom[0m [32m"@/modules/crm/actions"[0m;

Import map: aliased to relative './src/components/monolith/vendor-master-create-form' inside of [project]/


https://nextjs.org/docs/messages/module-not-found


⨯ ./src/app/(dashboard)/accounting/vendor-master/page.tsx:12:1
Module not found: Can't resolve '@/components/monolith/vendor-master-create-form'
  [90m10 |[0m   [33mAccountingTable[0m,
  [90m11 |[0m } [36mfrom[0m [32m"@/components/monolith/accounting-workspace"[0m;
[31m[1m>[0m [90m12 |[0m [36mimport[0m { [33mVendorMasterCreateForm[0m } [36mfrom[0m [32m"@/components/monolith/vendor-master-create-form"[0m;
  [90m   |[0m [31m[1m^^^^^^^^^^^^^^^^^^^^^^^^^^^^^^^^^^^^^^^^^^^^^^^^^^^^^^^^^^^^^^^^^^^^^^^^^^^^^^^^^^^^^^^^^[0m
  [90m13 |[0m [36mimport[0m { [33mBadge[0m } [36mfrom[0m [32m"@/components/monolith/badge"[0m;
  [90m14 |[0m [36mimport[0m { [33mDeleteRecordButton[0m } [36mfrom[0m [32m"@/app/(dashboard)/crm/_components/delete-record-button"[0m;
  [90m15 |[0m [36mimport[0m { deleteVendorAction } [36mfrom[0m [32m"@/modules/crm/actions"[0m;

Import map: aliased to relative './src/components/monolith/vendor-master-create-form' inside of [project]/


https://nextjs.org/docs/messages/module-not-found


[browser] ./src/app/(dashboard)/crm/vendors/page.tsx:6:1
Module not found: Can't resolve '@/components/monolith/vendor-master-create-form'
  4 |   CrmPermissionState,
  5 | } from "@/components/monolith/crm-workspace";
> 6 | import { VendorMasterCreateForm } from "@/components/monolith/vendor-master-create-form";
    | ^^^^^^^^^^^^^^^^^^^^^^^^^^^^^^^^^^^^^^^^^^^^^^^^^^^^^^^^^^^^^^^^^^^^^^^^^^^^^^^^^^^^^^^^^
  7 | import React from "react";
  8 | import { redirect } from "next/navigation";
  9 | import { getSession } from "@/lib/auth";

Import map: aliased to relative './src/components/monolith/vendor-master-create-form' inside of [project]/

https://nextjs.org/docs/messages/module-not-found 
[browser] ./src/app/(dashboard)/accounting/vendor-master/page.tsx:12:1
Module not found: Can't resolve '@/components/monolith/vendor-master-create-form'
  10 |   AccountingTable,
  11 | } from "@/components/monolith/accounting-workspace";
> 12 | import { VendorMasterCreateForm } from "@/components/monolith/vendor-master-create-form";
     | ^^^^^^^^^^^^^^^^^^^^^^^^^^^^^^^^^^^^^^^^^^^^^^^^^^^^^^^^^^^^^^^^^^^^^^^^^^^^^^^^^^^^^^^^^
  13 | import { Badge } from "@/components/monolith/badge";
  14 | import { DeleteRecordButton } from "@/app/(dashboard)/crm/_components/delete-record-button";
  15 | import { deleteVendorAction } from "@/modules/crm/actions";

Import map: aliased to relative './src/components/monolith/vendor-master-create-form' inside of [project]/

https://nextjs.org/docs/messages/module-not-found 
[browser] ./src/app/(dashboard)/crm/vendors/page.tsx:6:1
Module not found: Can't resolve '@/components/monolith/vendor-master-create-form'
  4 |   CrmPermissionState,
  5 | } from "@/components/monolith/crm-workspace";
> 6 | import { VendorMasterCreateForm } from "@/components/monolith/vendor-master-create-form";
    | ^^^^^^^^^^^^^^^^^^^^^^^^^^^^^^^^^^^^^^^^^^^^^^^^^^^^^^^^^^^^^^^^^^^^^^^^^^^^^^^^^^^^^^^^^
  7 | import React from "react";
  8 | import { redirect } from "next/navigation";
  9 | import { getSession } from "@/lib/auth";

Import map: aliased to relative './src/components/monolith/vendor-master-create-form' inside of [project]/

https://nextjs.org/docs/messages/module-not-found 
[browser] ./src/app/(dashboard)/accounting/vendor-master/page.tsx:12:1
Module not found: Can't resolve '@/components/monolith/vendor-master-create-form'
  10 |   AccountingTable,
  11 | } from "@/components/monolith/accounting-workspace";
> 12 | import { VendorMasterCreateForm } from "@/components/monolith/vendor-master-create-form";
     | ^^^^^^^^^^^^^^^^^^^^^^^^^^^^^^^^^^^^^^^^^^^^^^^^^^^^^^^^^^^^^^^^^^^^^^^^^^^^^^^^^^^^^^^^^
  13 | import { Badge } from "@/components/monolith/badge";
  14 | import { DeleteRecordButton } from "@/app/(dashboard)/crm/_components/delete-record-button";
  15 | import { deleteVendorAction } from "@/modules/crm/actions";

Import map: aliased to relative './src/components/monolith/vendor-master-create-form' inside of [project]/

https://nextjs.org/docs/messages/module-not-found 
[browser] ./src/app/(dashboard)/crm/vendors/page.tsx:6:1
Module not found: Can't resolve '@/components/monolith/vendor-master-create-form'
  4 |   CrmPermissionState,
  5 | } from "@/components/monolith/crm-workspace";
> 6 | import { VendorMasterCreateForm } from "@/components/monolith/vendor-master-create-form";
    | ^^^^^^^^^^^^^^^^^^^^^^^^^^^^^^^^^^^^^^^^^^^^^^^^^^^^^^^^^^^^^^^^^^^^^^^^^^^^^^^^^^^^^^^^^
  7 | import React from "react";
  8 | import { redirect } from "next/navigation";
  9 | import { getSession } from "@/lib/auth";

Import map: aliased to relative './src/components/monolith/vendor-master-create-form' inside of [project]/

https://nextjs.org/docs/messages/module-not-found 
[browser] ./src/app/(dashboard)/accounting/vendor-master/page.tsx:12:1
Module not found: Can't resolve '@/components/monolith/vendor-master-create-form'
  10 |   AccountingTable,
  11 | } from "@/components/monolith/accounting-workspace";
> 12 | import { VendorMasterCreateForm } from "@/components/monolith/vendor-master-create-form";
     | ^^^^^^^^^^^^^^^^^^^^^^^^^^^^^^^^^^^^^^^^^^^^^^^^^^^^^^^^^^^^^^^^^^^^^^^^^^^^^^^^^^^^^^^^^
  13 | import { Badge } from "@/components/monolith/badge";
  14 | import { DeleteRecordButton } from "@/app/(dashboard)/crm/_components/delete-record-button";
  15 | import { deleteVendorAction } from "@/modules/crm/actions";

Import map: aliased to relative './src/components/monolith/vendor-master-create-form' inside of [project]/

https://nextjs.org/docs/messages/module-not-found 
[browser] Uncaught Error: ./src/app/(dashboard)/crm/vendors/page.tsx:6:1
Module not found: Can't resolve '@/components/monolith/vendor-master-create-form'
  4 |   CrmPermissionState,
  5 | } from "@/components/monolith/crm-workspace";
> 6 | import { VendorMasterCreateForm } from "@/components/monolith/vendor-master-create-form";
    | ^^^^^^^^^^^^^^^^^^^^^^^^^^^^^^^^^^^^^^^^^^^^^^^^^^^^^^^^^^^^^^^^^^^^^^^^^^^^^^^^^^^^^^^^^
  7 | import React from "react";
  8 | import { redirect } from "next/navigation";
  9 | import { getSession } from "@/lib/auth";

Import map: aliased to relative './src/components/monolith/vendor-master-create-form' inside of [project]/


https://nextjs.org/docs/messages/module-not-found


    at <unknown> (Error: ./src/app/(dashboard)/crm/vendors/page.tsx:6:1)
    at <unknown> (https://nextjs.org/docs/messages/module-not-found)
    at <unknown> (Error: (./src/app/(dashboard)/crm/vendors/page.tsx:6:1)
    at <unknown> (https://nextjs.org/docs/messages/module-not-found)
[browser] ./src/app/(dashboard)/crm/vendors/page.tsx:6:1
Module not found: Can't resolve '@/components/monolith/vendor-master-create-form'
  4 |   CrmPermissionState,
  5 | } from "@/components/monolith/crm-workspace";
> 6 | import { VendorMasterCreateForm } from "@/components/monolith/vendor-master-create-form";
    | ^^^^^^^^^^^^^^^^^^^^^^^^^^^^^^^^^^^^^^^^^^^^^^^^^^^^^^^^^^^^^^^^^^^^^^^^^^^^^^^^^^^^^^^^^
  7 | import React from "react";
  8 | import { redirect } from "next/navigation";
  9 | import { getSession } from "@/lib/auth";

Import map: aliased to relative './src/components/monolith/vendor-master-create-form' inside of [project]/

https://nextjs.org/docs/messages/module-not-found 
[browser] ./src/app/(dashboard)/accounting/vendor-master/page.tsx:12:1
Module not found: Can't resolve '@/components/monolith/vendor-master-create-form'
  10 |   AccountingTable,
  11 | } from "@/components/monolith/accounting-workspace";
> 12 | import { VendorMasterCreateForm } from "@/components/monolith/vendor-master-create-form";
     | ^^^^^^^^^^^^^^^^^^^^^^^^^^^^^^^^^^^^^^^^^^^^^^^^^^^^^^^^^^^^^^^^^^^^^^^^^^^^^^^^^^^^^^^^^
  13 | import { Badge } from "@/components/monolith/badge";
  14 | import { DeleteRecordButton } from "@/app/(dashboard)/crm/_components/delete-record-button";
  15 | import { deleteVendorAction } from "@/modules/crm/actions";

Import map: aliased to relative './src/components/monolith/vendor-master-create-form' inside of [project]/

https://nextjs.org/docs/messages/module-not-found 
[browser] ./src/app/(dashboard)/crm/vendors/page.tsx:6:1
Module not found: Can't resolve '@/components/monolith/vendor-master-create-form'
  4 |   CrmPermissionState,
  5 | } from "@/components/monolith/crm-workspace";
> 6 | import { VendorMasterCreateForm } from "@/components/monolith/vendor-master-create-form";
    | ^^^^^^^^^^^^^^^^^^^^^^^^^^^^^^^^^^^^^^^^^^^^^^^^^^^^^^^^^^^^^^^^^^^^^^^^^^^^^^^^^^^^^^^^^
  7 | import React from "react";
  8 | import { redirect } from "next/navigation";
  9 | import { getSession } from "@/lib/auth";

Import map: aliased to relative './src/components/monolith/vendor-master-create-form' inside of [project]/

https://nextjs.org/docs/messages/module-not-found 
[browser] ./src/app/(dashboard)/accounting/vendor-master/page.tsx:12:1
Module not found: Can't resolve '@/components/monolith/vendor-master-create-form'
  10 |   AccountingTable,
  11 | } from "@/components/monolith/accounting-workspace";
> 12 | import { VendorMasterCreateForm } from "@/components/monolith/vendor-master-create-form";
     | ^^^^^^^^^^^^^^^^^^^^^^^^^^^^^^^^^^^^^^^^^^^^^^^^^^^^^^^^^^^^^^^^^^^^^^^^^^^^^^^^^^^^^^^^^
  13 | import { Badge } from "@/components/monolith/badge";
  14 | import { DeleteRecordButton } from "@/app/(dashboard)/crm/_components/delete-record-button";
  15 | import { deleteVendorAction } from "@/modules/crm/actions";

Import map: aliased to relative './src/components/monolith/vendor-master-create-form' inside of [project]/

https://nextjs.org/docs/messages/module-not-found 
⨯ ./src/app/(dashboard)/accounting/vendor-master/page.tsx:12:1
Module not found: Can't resolve '@/components/monolith/vendor-master-create-form'
  [90m10 |[0m   [33mAccountingTable[0m,
  [90m11 |[0m } [36mfrom[0m [32m"@/components/monolith/accounting-workspace"[0m;
[31m[1m>[0m [90m12 |[0m [36mimport[0m { [33mVendorMasterCreateForm[0m } [36mfrom[0m [32m"@/components/monolith/vendor-master-create-form"[0m;
  [90m   |[0m [31m[1m^^^^^^^^^^^^^^^^^^^^^^^^^^^^^^^^^^^^^^^^^^^^^^^^^^^^^^^^^^^^^^^^^^^^^^^^^^^^^^^^^^^^^^^^^[0m
  [90m13 |[0m [36mimport[0m { [33mBadge[0m } [36mfrom[0m [32m"@/components/monolith/badge"[0m;
  [90m14 |[0m [36mimport[0m { [33mDeleteRecordButton[0m } [36mfrom[0m [32m"@/app/(dashboard)/crm/_components/delete-record-button"[0m;
  [90m15 |[0m [36mimport[0m { deleteVendorAction } [36mfrom[0m [32m"@/modules/crm/actions"[0m;

Import map: aliased to relative './src/components/monolith/vendor-master-create-form' inside of [project]/


https://nextjs.org/docs/messages/module-not-found


[browser] ./src/app/(dashboard)/crm/vendors/page.tsx:6:1
Module not found: Can't resolve '@/components/monolith/vendor-master-create-form'
  4 |   CrmPermissionState,
  5 | } from "@/components/monolith/crm-workspace";
> 6 | import { VendorMasterCreateForm } from "@/components/monolith/vendor-master-create-form";
    | ^^^^^^^^^^^^^^^^^^^^^^^^^^^^^^^^^^^^^^^^^^^^^^^^^^^^^^^^^^^^^^^^^^^^^^^^^^^^^^^^^^^^^^^^^
  7 | import React from "react";
  8 | import { redirect } from "next/navigation";
  9 | import { getSession } from "@/lib/auth";

Import map: aliased to relative './src/components/monolith/vendor-master-create-form' inside of [project]/

https://nextjs.org/docs/messages/module-not-found 
[browser] ./src/app/(dashboard)/accounting/vendor-master/page.tsx:12:1
Module not found: Can't resolve '@/components/monolith/vendor-master-create-form'
  10 |   AccountingTable,
  11 | } from "@/components/monolith/accounting-workspace";
> 12 | import { VendorMasterCreateForm } from "@/components/monolith/vendor-master-create-form";
     | ^^^^^^^^^^^^^^^^^^^^^^^^^^^^^^^^^^^^^^^^^^^^^^^^^^^^^^^^^^^^^^^^^^^^^^^^^^^^^^^^^^^^^^^^^
  13 | import { Badge } from "@/components/monolith/badge";
  14 | import { DeleteRecordButton } from "@/app/(dashboard)/crm/_components/delete-record-button";
  15 | import { deleteVendorAction } from "@/modules/crm/actions";

Import map: aliased to relative './src/components/monolith/vendor-master-create-form' inside of [project]/

https://nextjs.org/docs/messages/module-not-found 
[browser] Uncaught Error: ./src/app/(dashboard)/crm/vendors/page.tsx:6:1
Module not found: Can't resolve '@/components/monolith/vendor-master-create-form'
  4 |   CrmPermissionState,
  5 | } from "@/components/monolith/crm-workspace";
> 6 | import { VendorMasterCreateForm } from "@/components/monolith/vendor-master-create-form";
    | ^^^^^^^^^^^^^^^^^^^^^^^^^^^^^^^^^^^^^^^^^^^^^^^^^^^^^^^^^^^^^^^^^^^^^^^^^^^^^^^^^^^^^^^^^
  7 | import React from "react";
  8 | import { redirect } from "next/navigation";
  9 | import { getSession } from "@/lib/auth";

Import map: aliased to relative './src/components/monolith/vendor-master-create-form' inside of [project]/


https://nextjs.org/docs/messages/module-not-found


    at <unknown> (Error: ./src/app/(dashboard)/crm/vendors/page.tsx:6:1)
    at <unknown> (https://nextjs.org/docs/messages/module-not-found)
    at <unknown> (Error: (./src/app/(dashboard)/crm/vendors/page.tsx:6:1)
    at <unknown> (https://nextjs.org/docs/messages/module-not-found)
[browser] ./src/app/(dashboard)/crm/vendors/page.tsx:6:1
Module not found: Can't resolve '@/components/monolith/vendor-master-create-form'
  4 |   CrmPermissionState,
  5 | } from "@/components/monolith/crm-workspace";
> 6 | import { VendorMasterCreateForm } from "@/components/monolith/vendor-master-create-form";
    | ^^^^^^^^^^^^^^^^^^^^^^^^^^^^^^^^^^^^^^^^^^^^^^^^^^^^^^^^^^^^^^^^^^^^^^^^^^^^^^^^^^^^^^^^^
  7 | import React from "react";
  8 | import { redirect } from "next/navigation";
  9 | import { getSession } from "@/lib/auth";

Import map: aliased to relative './src/components/monolith/vendor-master-create-form' inside of [project]/

https://nextjs.org/docs/messages/module-not-found 
[browser] ./src/app/(dashboard)/accounting/vendor-master/page.tsx:12:1
Module not found: Can't resolve '@/components/monolith/vendor-master-create-form'
  10 |   AccountingTable,
  11 | } from "@/components/monolith/accounting-workspace";
> 12 | import { VendorMasterCreateForm } from "@/components/monolith/vendor-master-create-form";
     | ^^^^^^^^^^^^^^^^^^^^^^^^^^^^^^^^^^^^^^^^^^^^^^^^^^^^^^^^^^^^^^^^^^^^^^^^^^^^^^^^^^^^^^^^^
  13 | import { Badge } from "@/components/monolith/badge";
  14 | import { DeleteRecordButton } from "@/app/(dashboard)/crm/_components/delete-record-button";
  15 | import { deleteVendorAction } from "@/modules/crm/actions";

Import map: aliased to relative './src/components/monolith/vendor-master-create-form' inside of [project]/

https://nextjs.org/docs/messages/module-not-found 
[browser] ./src/app/(dashboard)/crm/vendors/page.tsx:6:1
Module not found: Can't resolve '@/components/monolith/vendor-master-create-form'
  4 |   CrmPermissionState,
  5 | } from "@/components/monolith/crm-workspace";
> 6 | import { VendorMasterCreateForm } from "@/components/monolith/vendor-master-create-form";
    | ^^^^^^^^^^^^^^^^^^^^^^^^^^^^^^^^^^^^^^^^^^^^^^^^^^^^^^^^^^^^^^^^^^^^^^^^^^^^^^^^^^^^^^^^^
  7 | import React from "react";
  8 | import { redirect } from "next/navigation";
  9 | import { getSession } from "@/lib/auth";

Import map: aliased to relative './src/components/monolith/vendor-master-create-form' inside of [project]/

https://nextjs.org/docs/messages/module-not-found 
[browser] ./src/app/(dashboard)/accounting/vendor-master/page.tsx:12:1
Module not found: Can't resolve '@/components/monolith/vendor-master-create-form'
  10 |   AccountingTable,
  11 | } from "@/components/monolith/accounting-workspace";
> 12 | import { VendorMasterCreateForm } from "@/components/monolith/vendor-master-create-form";
     | ^^^^^^^^^^^^^^^^^^^^^^^^^^^^^^^^^^^^^^^^^^^^^^^^^^^^^^^^^^^^^^^^^^^^^^^^^^^^^^^^^^^^^^^^^
  13 | import { Badge } from "@/components/monolith/badge";
  14 | import { DeleteRecordButton } from "@/app/(dashboard)/crm/_components/delete-record-button";
  15 | import { deleteVendorAction } from "@/modules/crm/actions";

Import map: aliased to relative './src/components/monolith/vendor-master-create-form' inside of [project]/

https://nextjs.org/docs/messages/module-not-found 
⨯ ./src/app/(dashboard)/accounting/vendor-master/page.tsx:12:1
Module not found: Can't resolve '@/components/monolith/vendor-master-create-form'
  [90m10 |[0m   [33mAccountingTable[0m,
  [90m11 |[0m } [36mfrom[0m [32m"@/components/monolith/accounting-workspace"[0m;
[31m[1m>[0m [90m12 |[0m [36mimport[0m { [33mVendorMasterCreateForm[0m } [36mfrom[0m [32m"@/components/monolith/vendor-master-create-form"[0m;
  [90m   |[0m [31m[1m^^^^^^^^^^^^^^^^^^^^^^^^^^^^^^^^^^^^^^^^^^^^^^^^^^^^^^^^^^^^^^^^^^^^^^^^^^^^^^^^^^^^^^^^^[0m
  [90m13 |[0m [36mimport[0m { [33mBadge[0m } [36mfrom[0m [32m"@/components/monolith/badge"[0m;
  [90m14 |[0m [36mimport[0m { [33mDeleteRecordButton[0m } [36mfrom[0m [32m"@/app/(dashboard)/crm/_components/delete-record-button"[0m;
  [90m15 |[0m [36mimport[0m { deleteVendorAction } [36mfrom[0m [32m"@/modules/crm/actions"[0m;

Import map: aliased to relative './src/components/monolith/vendor-master-create-form' inside of [project]/


https://nextjs.org/docs/messages/module-not-found


[browser] Uncaught Error: ./src/app/(dashboard)/crm/vendors/page.tsx:6:1
Module not found: Can't resolve '@/components/monolith/vendor-master-create-form'
  4 |   CrmPermissionState,
  5 | } from "@/components/monolith/crm-workspace";
> 6 | import { VendorMasterCreateForm } from "@/components/monolith/vendor-master-create-form";
    | ^^^^^^^^^^^^^^^^^^^^^^^^^^^^^^^^^^^^^^^^^^^^^^^^^^^^^^^^^^^^^^^^^^^^^^^^^^^^^^^^^^^^^^^^^
  7 | import React from "react";
  8 | import { redirect } from "next/navigation";
  9 | import { getSession } from "@/lib/auth";

Import map: aliased to relative './src/components/monolith/vendor-master-create-form' inside of [project]/


https://nextjs.org/docs/messages/module-not-found


    at <unknown> (Error: ./src/app/(dashboard)/crm/vendors/page.tsx:6:1)
    at <unknown> (https://nextjs.org/docs/messages/module-not-found)
    at <unknown> (Error: (./src/app/(dashboard)/crm/vendors/page.tsx:6:1)
    at <unknown> (https://nextjs.org/docs/messages/module-not-found)
[browser] ./src/app/(dashboard)/crm/vendors/page.tsx:6:1
Module not found: Can't resolve '@/components/monolith/vendor-master-create-form'
  4 |   CrmPermissionState,
  5 | } from "@/components/monolith/crm-workspace";
> 6 | import { VendorMasterCreateForm } from "@/components/monolith/vendor-master-create-form";
    | ^^^^^^^^^^^^^^^^^^^^^^^^^^^^^^^^^^^^^^^^^^^^^^^^^^^^^^^^^^^^^^^^^^^^^^^^^^^^^^^^^^^^^^^^^
  7 | import React from "react";
  8 | import { redirect } from "next/navigation";
  9 | import { getSession } from "@/lib/auth";

Import map: aliased to relative './src/components/monolith/vendor-master-create-form' inside of [project]/

https://nextjs.org/docs/messages/module-not-found 
[browser] ./src/app/(dashboard)/accounting/vendor-master/page.tsx:12:1
Module not found: Can't resolve '@/components/monolith/vendor-master-create-form'
  10 |   AccountingTable,
  11 | } from "@/components/monolith/accounting-workspace";
> 12 | import { VendorMasterCreateForm } from "@/components/monolith/vendor-master-create-form";
     | ^^^^^^^^^^^^^^^^^^^^^^^^^^^^^^^^^^^^^^^^^^^^^^^^^^^^^^^^^^^^^^^^^^^^^^^^^^^^^^^^^^^^^^^^^
  13 | import { Badge } from "@/components/monolith/badge";
  14 | import { DeleteRecordButton } from "@/app/(dashboard)/crm/_components/delete-record-button";
  15 | import { deleteVendorAction } from "@/modules/crm/actions";

Import map: aliased to relative './src/components/monolith/vendor-master-create-form' inside of [project]/

https://nextjs.org/docs/messages/module-not-found 
[browser] ./src/app/(dashboard)/crm/vendors/page.tsx:6:1
Module not found: Can't resolve '@/components/monolith/vendor-master-create-form'
  4 |   CrmPermissionState,
  5 | } from "@/components/monolith/crm-workspace";
> 6 | import { VendorMasterCreateForm } from "@/components/monolith/vendor-master-create-form";
    | ^^^^^^^^^^^^^^^^^^^^^^^^^^^^^^^^^^^^^^^^^^^^^^^^^^^^^^^^^^^^^^^^^^^^^^^^^^^^^^^^^^^^^^^^^
  7 | import React from "react";
  8 | import { redirect } from "next/navigation";
  9 | import { getSession } from "@/lib/auth";

Import map: aliased to relative './src/components/monolith/vendor-master-create-form' inside of [project]/

https://nextjs.org/docs/messages/module-not-found 
[browser] ./src/app/(dashboard)/accounting/vendor-master/page.tsx:12:1
Module not found: Can't resolve '@/components/monolith/vendor-master-create-form'
  10 |   AccountingTable,
  11 | } from "@/components/monolith/accounting-workspace";
> 12 | import { VendorMasterCreateForm } from "@/components/monolith/vendor-master-create-form";
     | ^^^^^^^^^^^^^^^^^^^^^^^^^^^^^^^^^^^^^^^^^^^^^^^^^^^^^^^^^^^^^^^^^^^^^^^^^^^^^^^^^^^^^^^^^
  13 | import { Badge } from "@/components/monolith/badge";
  14 | import { DeleteRecordButton } from "@/app/(dashboard)/crm/_components/delete-record-button";
  15 | import { deleteVendorAction } from "@/modules/crm/actions";

Import map: aliased to relative './src/components/monolith/vendor-master-create-form' inside of [project]/

https://nextjs.org/docs/messages/module-not-found 
⨯ ./src/app/(dashboard)/accounting/vendor-master/page.tsx:12:1
Module not found: Can't resolve '@/components/monolith/vendor-master-create-form'
  [90m10 |[0m   [33mAccountingTable[0m,
  [90m11 |[0m } [36mfrom[0m [32m"@/components/monolith/accounting-workspace"[0m;
[31m[1m>[0m [90m12 |[0m [36mimport[0m { [33mVendorMasterCreateForm[0m } [36mfrom[0m [32m"@/components/monolith/vendor-master-create-form"[0m;
  [90m   |[0m [31m[1m^^^^^^^^^^^^^^^^^^^^^^^^^^^^^^^^^^^^^^^^^^^^^^^^^^^^^^^^^^^^^^^^^^^^^^^^^^^^^^^^^^^^^^^^^[0m
  [90m13 |[0m [36mimport[0m { [33mBadge[0m } [36mfrom[0m [32m"@/components/monolith/badge"[0m;
  [90m14 |[0m [36mimport[0m { [33mDeleteRecordButton[0m } [36mfrom[0m [32m"@/app/(dashboard)/crm/_components/delete-record-button"[0m;
  [90m15 |[0m [36mimport[0m { deleteVendorAction } [36mfrom[0m [32m"@/modules/crm/actions"[0m;

Import map: aliased to relative './src/components/monolith/vendor-master-create-form' inside of [project]/


https://nextjs.org/docs/messages/module-not-found


[browser] Uncaught Error: ./src/app/(dashboard)/crm/vendors/page.tsx:6:1
Module not found: Can't resolve '@/components/monolith/vendor-master-create-form'
  4 |   CrmPermissionState,
  5 | } from "@/components/monolith/crm-workspace";
> 6 | import { VendorMasterCreateForm } from "@/components/monolith/vendor-master-create-form";
    | ^^^^^^^^^^^^^^^^^^^^^^^^^^^^^^^^^^^^^^^^^^^^^^^^^^^^^^^^^^^^^^^^^^^^^^^^^^^^^^^^^^^^^^^^^
  7 | import React from "react";
  8 | import { redirect } from "next/navigation";
  9 | import { getSession } from "@/lib/auth";

Import map: aliased to relative './src/components/monolith/vendor-master-create-form' inside of [project]/


https://nextjs.org/docs/messages/module-not-found


    at <unknown> (Error: ./src/app/(dashboard)/crm/vendors/page.tsx:6:1)
    at <unknown> (https://nextjs.org/docs/messages/module-not-found)
    at <unknown> (Error: (./src/app/(dashboard)/crm/vendors/page.tsx:6:1)
    at <unknown> (https://nextjs.org/docs/messages/module-not-found)
[browser] ./src/app/(dashboard)/crm/vendors/page.tsx:6:1
Module not found: Can't resolve '@/components/monolith/vendor-master-create-form'
  4 |   CrmPermissionState,
  5 | } from "@/components/monolith/crm-workspace";
> 6 | import { VendorMasterCreateForm } from "@/components/monolith/vendor-master-create-form";
    | ^^^^^^^^^^^^^^^^^^^^^^^^^^^^^^^^^^^^^^^^^^^^^^^^^^^^^^^^^^^^^^^^^^^^^^^^^^^^^^^^^^^^^^^^^
  7 | import React from "react";
  8 | import { redirect } from "next/navigation";
  9 | import { getSession } from "@/lib/auth";

Import map: aliased to relative './src/components/monolith/vendor-master-create-form' inside of [project]/

https://nextjs.org/docs/messages/module-not-found 
[browser] ./src/app/(dashboard)/accounting/vendor-master/page.tsx:12:1
Module not found: Can't resolve '@/components/monolith/vendor-master-create-form'
  10 |   AccountingTable,
  11 | } from "@/components/monolith/accounting-workspace";
> 12 | import { VendorMasterCreateForm } from "@/components/monolith/vendor-master-create-form";
     | ^^^^^^^^^^^^^^^^^^^^^^^^^^^^^^^^^^^^^^^^^^^^^^^^^^^^^^^^^^^^^^^^^^^^^^^^^^^^^^^^^^^^^^^^^
  13 | import { Badge } from "@/components/monolith/badge";
  14 | import { DeleteRecordButton } from "@/app/(dashboard)/crm/_components/delete-record-button";
  15 | import { deleteVendorAction } from "@/modules/crm/actions";

Import map: aliased to relative './src/components/monolith/vendor-master-create-form' inside of [project]/

https://nextjs.org/docs/messages/module-not-found 
[browser] ./src/app/(dashboard)/crm/vendors/page.tsx:6:1
Module not found: Can't resolve '@/components/monolith/vendor-master-create-form'
  4 |   CrmPermissionState,
  5 | } from "@/components/monolith/crm-workspace";
> 6 | import { VendorMasterCreateForm } from "@/components/monolith/vendor-master-create-form";
    | ^^^^^^^^^^^^^^^^^^^^^^^^^^^^^^^^^^^^^^^^^^^^^^^^^^^^^^^^^^^^^^^^^^^^^^^^^^^^^^^^^^^^^^^^^
  7 | import React from "react";
  8 | import { redirect } from "next/navigation";
  9 | import { getSession } from "@/lib/auth";

Import map: aliased to relative './src/components/monolith/vendor-master-create-form' inside of [project]/

https://nextjs.org/docs/messages/module-not-found 
[browser] ./src/app/(dashboard)/accounting/vendor-master/page.tsx:12:1
Module not found: Can't resolve '@/components/monolith/vendor-master-create-form'
  10 |   AccountingTable,
  11 | } from "@/components/monolith/accounting-workspace";
> 12 | import { VendorMasterCreateForm } from "@/components/monolith/vendor-master-create-form";
     | ^^^^^^^^^^^^^^^^^^^^^^^^^^^^^^^^^^^^^^^^^^^^^^^^^^^^^^^^^^^^^^^^^^^^^^^^^^^^^^^^^^^^^^^^^
  13 | import { Badge } from "@/components/monolith/badge";
  14 | import { DeleteRecordButton } from "@/app/(dashboard)/crm/_components/delete-record-button";
  15 | import { deleteVendorAction } from "@/modules/crm/actions";

Import map: aliased to relative './src/components/monolith/vendor-master-create-form' inside of [project]/

https://nextjs.org/docs/messages/module-not-found 
[browser] Uncaught Error: ./src/app/(dashboard)/crm/vendors/page.tsx:6:1
Module not found: Can't resolve '@/components/monolith/vendor-master-create-form'
  4 |   CrmPermissionState,
  5 | } from "@/components/monolith/crm-workspace";
> 6 | import { VendorMasterCreateForm } from "@/components/monolith/vendor-master-create-form";
    | ^^^^^^^^^^^^^^^^^^^^^^^^^^^^^^^^^^^^^^^^^^^^^^^^^^^^^^^^^^^^^^^^^^^^^^^^^^^^^^^^^^^^^^^^^
  7 | import React from "react";
  8 | import { redirect } from "next/navigation";
  9 | import { getSession } from "@/lib/auth";

Import map: aliased to relative './src/components/monolith/vendor-master-create-form' inside of [project]/


https://nextjs.org/docs/messages/module-not-found


    at <unknown> (Error: ./src/app/(dashboard)/crm/vendors/page.tsx:6:1)
    at <unknown> (https://nextjs.org/docs/messages/module-not-found)
    at <unknown> (Error: (./src/app/(dashboard)/crm/vendors/page.tsx:6:1)
    at <unknown> (https://nextjs.org/docs/messages/module-not-found)
[browser] ./src/app/(dashboard)/crm/vendors/page.tsx:6:1
Module not found: Can't resolve '@/components/monolith/vendor-master-create-form'
  4 |   CrmPermissionState,
  5 | } from "@/components/monolith/crm-workspace";
> 6 | import { VendorMasterCreateForm } from "@/components/monolith/vendor-master-create-form";
    | ^^^^^^^^^^^^^^^^^^^^^^^^^^^^^^^^^^^^^^^^^^^^^^^^^^^^^^^^^^^^^^^^^^^^^^^^^^^^^^^^^^^^^^^^^
  7 | import React from "react";
  8 | import { redirect } from "next/navigation";
  9 | import { getSession } from "@/lib/auth";

Import map: aliased to relative './src/components/monolith/vendor-master-create-form' inside of [project]/

https://nextjs.org/docs/messages/module-not-found 
[browser] ./src/app/(dashboard)/accounting/vendor-master/page.tsx:12:1
Module not found: Can't resolve '@/components/monolith/vendor-master-create-form'
  10 |   AccountingTable,
  11 | } from "@/components/monolith/accounting-workspace";
> 12 | import { VendorMasterCreateForm } from "@/components/monolith/vendor-master-create-form";
     | ^^^^^^^^^^^^^^^^^^^^^^^^^^^^^^^^^^^^^^^^^^^^^^^^^^^^^^^^^^^^^^^^^^^^^^^^^^^^^^^^^^^^^^^^^
  13 | import { Badge } from "@/components/monolith/badge";
  14 | import { DeleteRecordButton } from "@/app/(dashboard)/crm/_components/delete-record-button";
  15 | import { deleteVendorAction } from "@/modules/crm/actions";

Import map: aliased to relative './src/components/monolith/vendor-master-create-form' inside of [project]/

https://nextjs.org/docs/messages/module-not-found 
[browser] ./src/app/(dashboard)/crm/vendors/page.tsx:6:1
Module not found: Can't resolve '@/components/monolith/vendor-master-create-form'
  4 |   CrmPermissionState,
  5 | } from "@/components/monolith/crm-workspace";
> 6 | import { VendorMasterCreateForm } from "@/components/monolith/vendor-master-create-form";
    | ^^^^^^^^^^^^^^^^^^^^^^^^^^^^^^^^^^^^^^^^^^^^^^^^^^^^^^^^^^^^^^^^^^^^^^^^^^^^^^^^^^^^^^^^^
  7 | import React from "react";
  8 | import { redirect } from "next/navigation";
  9 | import { getSession } from "@/lib/auth";

Import map: aliased to relative './src/components/monolith/vendor-master-create-form' inside of [project]/

https://nextjs.org/docs/messages/module-not-found 
[browser] ./src/app/(dashboard)/accounting/vendor-master/page.tsx:12:1
Module not found: Can't resolve '@/components/monolith/vendor-master-create-form'
  10 |   AccountingTable,
  11 | } from "@/components/monolith/accounting-workspace";
> 12 | import { VendorMasterCreateForm } from "@/components/monolith/vendor-master-create-form";
     | ^^^^^^^^^^^^^^^^^^^^^^^^^^^^^^^^^^^^^^^^^^^^^^^^^^^^^^^^^^^^^^^^^^^^^^^^^^^^^^^^^^^^^^^^^
  13 | import { Badge } from "@/components/monolith/badge";
  14 | import { DeleteRecordButton } from "@/app/(dashboard)/crm/_components/delete-record-button";
  15 | import { deleteVendorAction } from "@/modules/crm/actions";

Import map: aliased to relative './src/components/monolith/vendor-master-create-form' inside of [project]/

https://nextjs.org/docs/messages/module-not-found 
⨯ ./src/app/(dashboard)/accounting/vendor-master/page.tsx:12:1
Module not found: Can't resolve '@/components/monolith/vendor-master-create-form'
  [90m10 |[0m   [33mAccountingTable[0m,
  [90m11 |[0m } [36mfrom[0m [32m"@/components/monolith/accounting-workspace"[0m;
[31m[1m>[0m [90m12 |[0m [36mimport[0m { [33mVendorMasterCreateForm[0m } [36mfrom[0m [32m"@/components/monolith/vendor-master-create-form"[0m;
  [90m   |[0m [31m[1m^^^^^^^^^^^^^^^^^^^^^^^^^^^^^^^^^^^^^^^^^^^^^^^^^^^^^^^^^^^^^^^^^^^^^^^^^^^^^^^^^^^^^^^^^[0m
  [90m13 |[0m [36mimport[0m { [33mBadge[0m } [36mfrom[0m [32m"@/components/monolith/badge"[0m;
  [90m14 |[0m [36mimport[0m { [33mDeleteRecordButton[0m } [36mfrom[0m [32m"@/app/(dashboard)/crm/_components/delete-record-button"[0m;
  [90m15 |[0m [36mimport[0m { deleteVendorAction } [36mfrom[0m [32m"@/modules/crm/actions"[0m;

Import map: aliased to relative './src/components/monolith/vendor-master-create-form' inside of [project]/


https://nextjs.org/docs/messages/module-not-found


⨯ ./src/app/(dashboard)/accounting/vendor-master/page.tsx:12:1
Module not found: Can't resolve '@/components/monolith/vendor-master-create-form'
  [90m10 |[0m   [33mAccountingTable[0m,
  [90m11 |[0m } [36mfrom[0m [32m"@/components/monolith/accounting-workspace"[0m;
[31m[1m>[0m [90m12 |[0m [36mimport[0m { [33mVendorMasterCreateForm[0m } [36mfrom[0m [32m"@/components/monolith/vendor-master-create-form"[0m;
  [90m   |[0m [31m[1m^^^^^^^^^^^^^^^^^^^^^^^^^^^^^^^^^^^^^^^^^^^^^^^^^^^^^^^^^^^^^^^^^^^^^^^^^^^^^^^^^^^^^^^^^[0m
  [90m13 |[0m [36mimport[0m { [33mBadge[0m } [36mfrom[0m [32m"@/components/monolith/badge"[0m;
  [90m14 |[0m [36mimport[0m { [33mDeleteRecordButton[0m } [36mfrom[0m [32m"@/app/(dashboard)/crm/_components/delete-record-button"[0m;
  [90m15 |[0m [36mimport[0m { deleteVendorAction } [36mfrom[0m [32m"@/modules/crm/actions"[0m;

Import map: aliased to relative './src/components/monolith/vendor-master-create-form' inside of [project]/


https://nextjs.org/docs/messages/module-not-found


⨯ ./src/app/(dashboard)/crm/vendors/page.tsx:6:1
Module not found: Can't resolve '@/components/monolith/vendor-master-create-form'
  [90m4 |[0m   [33mCrmPermissionState[0m,
  [90m5 |[0m } [36mfrom[0m [32m"@/components/monolith/crm-workspace"[0m;
[31m[1m>[0m [90m6 |[0m [36mimport[0m { [33mVendorMasterCreateForm[0m } [36mfrom[0m [32m"@/components/monolith/vendor-master-create-form"[0m;
  [90m  |[0m [31m[1m^^^^^^^^^^^^^^^^^^^^^^^^^^^^^^^^^^^^^^^^^^^^^^^^^^^^^^^^^^^^^^^^^^^^^^^^^^^^^^^^^^^^^^^^^[0m
  [90m7 |[0m [36mimport[0m [33mReact[0m [36mfrom[0m [32m"react"[0m;
  [90m8 |[0m [36mimport[0m { redirect } [36mfrom[0m [32m"next/navigation"[0m;
  [90m9 |[0m [36mimport[0m { getSession } [36mfrom[0m [32m"@/lib/auth"[0m;

Import map: aliased to relative './src/components/monolith/vendor-master-create-form' inside of [project]/


https://nextjs.org/docs/messages/module-not-found


⨯ ./src/app/(dashboard)/crm/vendors/page.tsx:6:1
Module not found: Can't resolve '@/components/monolith/vendor-master-create-form'
  [90m4 |[0m   [33mCrmPermissionState[0m,
  [90m5 |[0m } [36mfrom[0m [32m"@/components/monolith/crm-workspace"[0m;
[31m[1m>[0m [90m6 |[0m [36mimport[0m { [33mVendorMasterCreateForm[0m } [36mfrom[0m [32m"@/components/monolith/vendor-master-create-form"[0m;
  [90m  |[0m [31m[1m^^^^^^^^^^^^^^^^^^^^^^^^^^^^^^^^^^^^^^^^^^^^^^^^^^^^^^^^^^^^^^^^^^^^^^^^^^^^^^^^^^^^^^^^^[0m
  [90m7 |[0m [36mimport[0m [33mReact[0m [36mfrom[0m [32m"react"[0m;
  [90m8 |[0m [36mimport[0m { redirect } [36mfrom[0m [32m"next/navigation"[0m;
  [90m9 |[0m [36mimport[0m { getSession } [36mfrom[0m [32m"@/lib/auth"[0m;

Import map: aliased to relative './src/components/monolith/vendor-master-create-form' inside of [project]/


https://nextjs.org/docs/messages/module-not-found


[browser] ./src/app/(dashboard)/crm/vendors/page.tsx:6:1
Module not found: Can't resolve '@/components/monolith/vendor-master-create-form'
  4 |   CrmPermissionState,
  5 | } from "@/components/monolith/crm-workspace";
> 6 | import { VendorMasterCreateForm } from "@/components/monolith/vendor-master-create-form";
    | ^^^^^^^^^^^^^^^^^^^^^^^^^^^^^^^^^^^^^^^^^^^^^^^^^^^^^^^^^^^^^^^^^^^^^^^^^^^^^^^^^^^^^^^^^
  7 | import React from "react";
  8 | import { redirect } from "next/navigation";
  9 | import { getSession } from "@/lib/auth";

Import map: aliased to relative './src/components/monolith/vendor-master-create-form' inside of [project]/

https://nextjs.org/docs/messages/module-not-found 
[browser] ./src/app/(dashboard)/accounting/vendor-master/page.tsx:12:1
Module not found: Can't resolve '@/components/monolith/vendor-master-create-form'
  10 |   AccountingTable,
  11 | } from "@/components/monolith/accounting-workspace";
> 12 | import { VendorMasterCreateForm } from "@/components/monolith/vendor-master-create-form";
     | ^^^^^^^^^^^^^^^^^^^^^^^^^^^^^^^^^^^^^^^^^^^^^^^^^^^^^^^^^^^^^^^^^^^^^^^^^^^^^^^^^^^^^^^^^
  13 | import { Badge } from "@/components/monolith/badge";
  14 | import { DeleteRecordButton } from "@/app/(dashboard)/crm/_components/delete-record-button";
  15 | import { deleteVendorAction } from "@/modules/crm/actions";

Import map: aliased to relative './src/components/monolith/vendor-master-create-form' inside of [project]/

https://nextjs.org/docs/messages/module-not-found 
[browser] Uncaught Error: ./src/app/(dashboard)/crm/vendors/page.tsx:6:1
Module not found: Can't resolve '@/components/monolith/vendor-master-create-form'
  4 |   CrmPermissionState,
  5 | } from "@/components/monolith/crm-workspace";
> 6 | import { VendorMasterCreateForm } from "@/components/monolith/vendor-master-create-form";
    | ^^^^^^^^^^^^^^^^^^^^^^^^^^^^^^^^^^^^^^^^^^^^^^^^^^^^^^^^^^^^^^^^^^^^^^^^^^^^^^^^^^^^^^^^^
  7 | import React from "react";
  8 | import { redirect } from "next/navigation";
  9 | import { getSession } from "@/lib/auth";

Import map: aliased to relative './src/components/monolith/vendor-master-create-form' inside of [project]/


https://nextjs.org/docs/messages/module-not-found


    at <unknown> (Error: ./src/app/(dashboard)/crm/vendors/page.tsx:6:1)
    at <unknown> (https://nextjs.org/docs/messages/module-not-found)
    at <unknown> (Error: (./src/app/(dashboard)/crm/vendors/page.tsx:6:1)
    at <unknown> (https://nextjs.org/docs/messages/module-not-found)
[browser] ./src/app/(dashboard)/crm/vendors/page.tsx:6:1
Module not found: Can't resolve '@/components/monolith/vendor-master-create-form'
  4 |   CrmPermissionState,
  5 | } from "@/components/monolith/crm-workspace";
> 6 | import { VendorMasterCreateForm } from "@/components/monolith/vendor-master-create-form";
    | ^^^^^^^^^^^^^^^^^^^^^^^^^^^^^^^^^^^^^^^^^^^^^^^^^^^^^^^^^^^^^^^^^^^^^^^^^^^^^^^^^^^^^^^^^
  7 | import React from "react";
  8 | import { redirect } from "next/navigation";
  9 | import { getSession } from "@/lib/auth";

Import map: aliased to relative './src/components/monolith/vendor-master-create-form' inside of [project]/

https://nextjs.org/docs/messages/module-not-found 
[browser] ./src/app/(dashboard)/accounting/vendor-master/page.tsx:12:1
Module not found: Can't resolve '@/components/monolith/vendor-master-create-form'
  10 |   AccountingTable,
  11 | } from "@/components/monolith/accounting-workspace";
> 12 | import { VendorMasterCreateForm } from "@/components/monolith/vendor-master-create-form";
     | ^^^^^^^^^^^^^^^^^^^^^^^^^^^^^^^^^^^^^^^^^^^^^^^^^^^^^^^^^^^^^^^^^^^^^^^^^^^^^^^^^^^^^^^^^
  13 | import { Badge } from "@/components/monolith/badge";
  14 | import { DeleteRecordButton } from "@/app/(dashboard)/crm/_components/delete-record-button";
  15 | import { deleteVendorAction } from "@/modules/crm/actions";

Import map: aliased to relative './src/components/monolith/vendor-master-create-form' inside of [project]/

https://nextjs.org/docs/messages/module-not-found 
[browser] ./src/app/(dashboard)/crm/vendors/page.tsx:6:1
Module not found: Can't resolve '@/components/monolith/vendor-master-create-form'
  4 |   CrmPermissionState,
  5 | } from "@/components/monolith/crm-workspace";
> 6 | import { VendorMasterCreateForm } from "@/components/monolith/vendor-master-create-form";
    | ^^^^^^^^^^^^^^^^^^^^^^^^^^^^^^^^^^^^^^^^^^^^^^^^^^^^^^^^^^^^^^^^^^^^^^^^^^^^^^^^^^^^^^^^^
  7 | import React from "react";
  8 | import { redirect } from "next/navigation";
  9 | import { getSession } from "@/lib/auth";

Import map: aliased to relative './src/components/monolith/vendor-master-create-form' inside of [project]/

https://nextjs.org/docs/messages/module-not-found 
[browser] ./src/app/(dashboard)/accounting/vendor-master/page.tsx:12:1
Module not found: Can't resolve '@/components/monolith/vendor-master-create-form'
  10 |   AccountingTable,
  11 | } from "@/components/monolith/accounting-workspace";
> 12 | import { VendorMasterCreateForm } from "@/components/monolith/vendor-master-create-form";
     | ^^^^^^^^^^^^^^^^^^^^^^^^^^^^^^^^^^^^^^^^^^^^^^^^^^^^^^^^^^^^^^^^^^^^^^^^^^^^^^^^^^^^^^^^^
  13 | import { Badge } from "@/components/monolith/badge";
  14 | import { DeleteRecordButton } from "@/app/(dashboard)/crm/_components/delete-record-button";
  15 | import { deleteVendorAction } from "@/modules/crm/actions";

Import map: aliased to relative './src/components/monolith/vendor-master-create-form' inside of [project]/

https://nextjs.org/docs/messages/module-not-found 
[browser] Uncaught Error: ./src/app/(dashboard)/crm/vendors/page.tsx:6:1
Module not found: Can't resolve '@/components/monolith/vendor-master-create-form'
  4 |   CrmPermissionState,
  5 | } from "@/components/monolith/crm-workspace";
> 6 | import { VendorMasterCreateForm } from "@/components/monolith/vendor-master-create-form";
    | ^^^^^^^^^^^^^^^^^^^^^^^^^^^^^^^^^^^^^^^^^^^^^^^^^^^^^^^^^^^^^^^^^^^^^^^^^^^^^^^^^^^^^^^^^
  7 | import React from "react";
  8 | import { redirect } from "next/navigation";
  9 | import { getSession } from "@/lib/auth";

Import map: aliased to relative './src/components/monolith/vendor-master-create-form' inside of [project]/


https://nextjs.org/docs/messages/module-not-found


    at <unknown> (Error: ./src/app/(dashboard)/crm/vendors/page.tsx:6:1)
    at <unknown> (https://nextjs.org/docs/messages/module-not-found)
    at <unknown> (Error: (./src/app/(dashboard)/crm/vendors/page.tsx:6:1)
    at <unknown> (https://nextjs.org/docs/messages/module-not-found)
[browser] ./src/app/(dashboard)/crm/vendors/page.tsx:6:1
Module not found: Can't resolve '@/components/monolith/vendor-master-create-form'
  4 |   CrmPermissionState,
  5 | } from "@/components/monolith/crm-workspace";
> 6 | import { VendorMasterCreateForm } from "@/components/monolith/vendor-master-create-form";
    | ^^^^^^^^^^^^^^^^^^^^^^^^^^^^^^^^^^^^^^^^^^^^^^^^^^^^^^^^^^^^^^^^^^^^^^^^^^^^^^^^^^^^^^^^^
  7 | import React from "react";
  8 | import { redirect } from "next/navigation";
  9 | import { getSession } from "@/lib/auth";

Import map: aliased to relative './src/components/monolith/vendor-master-create-form' inside of [project]/

https://nextjs.org/docs/messages/module-not-found 
[browser] ./src/app/(dashboard)/accounting/vendor-master/page.tsx:12:1
Module not found: Can't resolve '@/components/monolith/vendor-master-create-form'
  10 |   AccountingTable,
  11 | } from "@/components/monolith/accounting-workspace";
> 12 | import { VendorMasterCreateForm } from "@/components/monolith/vendor-master-create-form";
     | ^^^^^^^^^^^^^^^^^^^^^^^^^^^^^^^^^^^^^^^^^^^^^^^^^^^^^^^^^^^^^^^^^^^^^^^^^^^^^^^^^^^^^^^^^
  13 | import { Badge } from "@/components/monolith/badge";
  14 | import { DeleteRecordButton } from "@/app/(dashboard)/crm/_components/delete-record-button";
  15 | import { deleteVendorAction } from "@/modules/crm/actions";

Import map: aliased to relative './src/components/monolith/vendor-master-create-form' inside of [project]/

https://nextjs.org/docs/messages/module-not-found 
[browser] ./src/app/(dashboard)/crm/vendors/page.tsx:6:1
Module not found: Can't resolve '@/components/monolith/vendor-master-create-form'
  4 |   CrmPermissionState,
  5 | } from "@/components/monolith/crm-workspace";
> 6 | import { VendorMasterCreateForm } from "@/components/monolith/vendor-master-create-form";
    | ^^^^^^^^^^^^^^^^^^^^^^^^^^^^^^^^^^^^^^^^^^^^^^^^^^^^^^^^^^^^^^^^^^^^^^^^^^^^^^^^^^^^^^^^^
  7 | import React from "react";
  8 | import { redirect } from "next/navigation";
  9 | import { getSession } from "@/lib/auth";

Import map: aliased to relative './src/components/monolith/vendor-master-create-form' inside of [project]/

https://nextjs.org/docs/messages/module-not-found 
[browser] ./src/app/(dashboard)/accounting/vendor-master/page.tsx:12:1
Module not found: Can't resolve '@/components/monolith/vendor-master-create-form'
  10 |   AccountingTable,
  11 | } from "@/components/monolith/accounting-workspace";
> 12 | import { VendorMasterCreateForm } from "@/components/monolith/vendor-master-create-form";
     | ^^^^^^^^^^^^^^^^^^^^^^^^^^^^^^^^^^^^^^^^^^^^^^^^^^^^^^^^^^^^^^^^^^^^^^^^^^^^^^^^^^^^^^^^^
  13 | import { Badge } from "@/components/monolith/badge";
  14 | import { DeleteRecordButton } from "@/app/(dashboard)/crm/_components/delete-record-button";
  15 | import { deleteVendorAction } from "@/modules/crm/actions";

Import map: aliased to relative './src/components/monolith/vendor-master-create-form' inside of [project]/

https://nextjs.org/docs/messages/module-not-found 
[browser] Uncaught Error: ./src/app/(dashboard)/crm/vendors/page.tsx:6:1
Module not found: Can't resolve '@/components/monolith/vendor-master-create-form'
  4 |   CrmPermissionState,
  5 | } from "@/components/monolith/crm-workspace";
> 6 | import { VendorMasterCreateForm } from "@/components/monolith/vendor-master-create-form";
    | ^^^^^^^^^^^^^^^^^^^^^^^^^^^^^^^^^^^^^^^^^^^^^^^^^^^^^^^^^^^^^^^^^^^^^^^^^^^^^^^^^^^^^^^^^
  7 | import React from "react";
  8 | import { redirect } from "next/navigation";
  9 | import { getSession } from "@/lib/auth";

Import map: aliased to relative './src/components/monolith/vendor-master-create-form' inside of [project]/


https://nextjs.org/docs/messages/module-not-found


    at <unknown> (Error: ./src/app/(dashboard)/crm/vendors/page.tsx:6:1)
    at <unknown> (https://nextjs.org/docs/messages/module-not-found)
    at <unknown> (Error: (./src/app/(dashboard)/crm/vendors/page.tsx:6:1)
    at <unknown> (https://nextjs.org/docs/messages/module-not-found)
[browser] ./src/app/(dashboard)/crm/vendors/page.tsx:6:1
Module not found: Can't resolve '@/components/monolith/vendor-master-create-form'
  4 |   CrmPermissionState,
  5 | } from "@/components/monolith/crm-workspace";
> 6 | import { VendorMasterCreateForm } from "@/components/monolith/vendor-master-create-form";
    | ^^^^^^^^^^^^^^^^^^^^^^^^^^^^^^^^^^^^^^^^^^^^^^^^^^^^^^^^^^^^^^^^^^^^^^^^^^^^^^^^^^^^^^^^^
  7 | import React from "react";
  8 | import { redirect } from "next/navigation";
  9 | import { getSession } from "@/lib/auth";

Import map: aliased to relative './src/components/monolith/vendor-master-create-form' inside of [project]/

https://nextjs.org/docs/messages/module-not-found 
[browser] ./src/app/(dashboard)/accounting/vendor-master/page.tsx:12:1
Module not found: Can't resolve '@/components/monolith/vendor-master-create-form'
  10 |   AccountingTable,
  11 | } from "@/components/monolith/accounting-workspace";
> 12 | import { VendorMasterCreateForm } from "@/components/monolith/vendor-master-create-form";
     | ^^^^^^^^^^^^^^^^^^^^^^^^^^^^^^^^^^^^^^^^^^^^^^^^^^^^^^^^^^^^^^^^^^^^^^^^^^^^^^^^^^^^^^^^^
  13 | import { Badge } from "@/components/monolith/badge";
  14 | import { DeleteRecordButton } from "@/app/(dashboard)/crm/_components/delete-record-button";
  15 | import { deleteVendorAction } from "@/modules/crm/actions";

Import map: aliased to relative './src/components/monolith/vendor-master-create-form' inside of [project]/

https://nextjs.org/docs/messages/module-not-found 
[browser] ./src/app/(dashboard)/crm/vendors/page.tsx:6:1
Module not found: Can't resolve '@/components/monolith/vendor-master-create-form'
  4 |   CrmPermissionState,
  5 | } from "@/components/monolith/crm-workspace";
> 6 | import { VendorMasterCreateForm } from "@/components/monolith/vendor-master-create-form";
    | ^^^^^^^^^^^^^^^^^^^^^^^^^^^^^^^^^^^^^^^^^^^^^^^^^^^^^^^^^^^^^^^^^^^^^^^^^^^^^^^^^^^^^^^^^
  7 | import React from "react";
  8 | import { redirect } from "next/navigation";
  9 | import { getSession } from "@/lib/auth";

Import map: aliased to relative './src/components/monolith/vendor-master-create-form' inside of [project]/

https://nextjs.org/docs/messages/module-not-found 
[browser] ./src/app/(dashboard)/accounting/vendor-master/page.tsx:12:1
Module not found: Can't resolve '@/components/monolith/vendor-master-create-form'
  10 |   AccountingTable,
  11 | } from "@/components/monolith/accounting-workspace";
> 12 | import { VendorMasterCreateForm } from "@/components/monolith/vendor-master-create-form";
     | ^^^^^^^^^^^^^^^^^^^^^^^^^^^^^^^^^^^^^^^^^^^^^^^^^^^^^^^^^^^^^^^^^^^^^^^^^^^^^^^^^^^^^^^^^
  13 | import { Badge } from "@/components/monolith/badge";
  14 | import { DeleteRecordButton } from "@/app/(dashboard)/crm/_components/delete-record-button";
  15 | import { deleteVendorAction } from "@/modules/crm/actions";

Import map: aliased to relative './src/components/monolith/vendor-master-create-form' inside of [project]/

https://nextjs.org/docs/messages/module-not-found 
[browser] Uncaught Error: ./src/app/(dashboard)/crm/vendors/page.tsx:6:1
Module not found: Can't resolve '@/components/monolith/vendor-master-create-form'
  4 |   CrmPermissionState,
  5 | } from "@/components/monolith/crm-workspace";
> 6 | import { VendorMasterCreateForm } from "@/components/monolith/vendor-master-create-form";
    | ^^^^^^^^^^^^^^^^^^^^^^^^^^^^^^^^^^^^^^^^^^^^^^^^^^^^^^^^^^^^^^^^^^^^^^^^^^^^^^^^^^^^^^^^^
  7 | import React from "react";
  8 | import { redirect } from "next/navigation";
  9 | import { getSession } from "@/lib/auth";

Import map: aliased to relative './src/components/monolith/vendor-master-create-form' inside of [project]/


https://nextjs.org/docs/messages/module-not-found


    at <unknown> (Error: ./src/app/(dashboard)/crm/vendors/page.tsx:6:1)
    at <unknown> (https://nextjs.org/docs/messages/module-not-found)
    at <unknown> (Error: (./src/app/(dashboard)/crm/vendors/page.tsx:6:1)
    at <unknown> (https://nextjs.org/docs/messages/module-not-found)
[browser] ./src/app/(dashboard)/crm/vendors/page.tsx:6:1
Module not found: Can't resolve '@/components/monolith/vendor-master-create-form'
  4 |   CrmPermissionState,
  5 | } from "@/components/monolith/crm-workspace";
> 6 | import { VendorMasterCreateForm } from "@/components/monolith/vendor-master-create-form";
    | ^^^^^^^^^^^^^^^^^^^^^^^^^^^^^^^^^^^^^^^^^^^^^^^^^^^^^^^^^^^^^^^^^^^^^^^^^^^^^^^^^^^^^^^^^
  7 | import React from "react";
  8 | import { redirect } from "next/navigation";
  9 | import { getSession } from "@/lib/auth";

Import map: aliased to relative './src/components/monolith/vendor-master-create-form' inside of [project]/

https://nextjs.org/docs/messages/module-not-found 
[browser] ./src/app/(dashboard)/accounting/vendor-master/page.tsx:12:1
Module not found: Can't resolve '@/components/monolith/vendor-master-create-form'
  10 |   AccountingTable,
  11 | } from "@/components/monolith/accounting-workspace";
> 12 | import { VendorMasterCreateForm } from "@/components/monolith/vendor-master-create-form";
     | ^^^^^^^^^^^^^^^^^^^^^^^^^^^^^^^^^^^^^^^^^^^^^^^^^^^^^^^^^^^^^^^^^^^^^^^^^^^^^^^^^^^^^^^^^
  13 | import { Badge } from "@/components/monolith/badge";
  14 | import { DeleteRecordButton } from "@/app/(dashboard)/crm/_components/delete-record-button";
  15 | import { deleteVendorAction } from "@/modules/crm/actions";

Import map: aliased to relative './src/components/monolith/vendor-master-create-form' inside of [project]/

https://nextjs.org/docs/messages/module-not-found 
[browser] ./src/app/(dashboard)/crm/vendors/page.tsx:6:1
Module not found: Can't resolve '@/components/monolith/vendor-master-create-form'
  4 |   CrmPermissionState,
  5 | } from "@/components/monolith/crm-workspace";
> 6 | import { VendorMasterCreateForm } from "@/components/monolith/vendor-master-create-form";
    | ^^^^^^^^^^^^^^^^^^^^^^^^^^^^^^^^^^^^^^^^^^^^^^^^^^^^^^^^^^^^^^^^^^^^^^^^^^^^^^^^^^^^^^^^^
  7 | import React from "react";
  8 | import { redirect } from "next/navigation";
  9 | import { getSession } from "@/lib/auth";

Import map: aliased to relative './src/components/monolith/vendor-master-create-form' inside of [project]/

https://nextjs.org/docs/messages/module-not-found 
[browser] ./src/app/(dashboard)/accounting/vendor-master/page.tsx:12:1
Module not found: Can't resolve '@/components/monolith/vendor-master-create-form'
  10 |   AccountingTable,
  11 | } from "@/components/monolith/accounting-workspace";
> 12 | import { VendorMasterCreateForm } from "@/components/monolith/vendor-master-create-form";
     | ^^^^^^^^^^^^^^^^^^^^^^^^^^^^^^^^^^^^^^^^^^^^^^^^^^^^^^^^^^^^^^^^^^^^^^^^^^^^^^^^^^^^^^^^^
  13 | import { Badge } from "@/components/monolith/badge";
  14 | import { DeleteRecordButton } from "@/app/(dashboard)/crm/_components/delete-record-button";
  15 | import { deleteVendorAction } from "@/modules/crm/actions";

Import map: aliased to relative './src/components/monolith/vendor-master-create-form' inside of [project]/

https://nextjs.org/docs/messages/module-not-found 
[browser] Uncaught Error: ./src/app/(dashboard)/crm/vendors/page.tsx:6:1
Module not found: Can't resolve '@/components/monolith/vendor-master-create-form'
  4 |   CrmPermissionState,
  5 | } from "@/components/monolith/crm-workspace";
> 6 | import { VendorMasterCreateForm } from "@/components/monolith/vendor-master-create-form";
    | ^^^^^^^^^^^^^^^^^^^^^^^^^^^^^^^^^^^^^^^^^^^^^^^^^^^^^^^^^^^^^^^^^^^^^^^^^^^^^^^^^^^^^^^^^
  7 | import React from "react";
  8 | import { redirect } from "next/navigation";
  9 | import { getSession } from "@/lib/auth";

Import map: aliased to relative './src/components/monolith/vendor-master-create-form' inside of [project]/


https://nextjs.org/docs/messages/module-not-found


    at <unknown> (Error: ./src/app/(dashboard)/crm/vendors/page.tsx:6:1)
    at <unknown> (https://nextjs.org/docs/messages/module-not-found)
    at <unknown> (Error: (./src/app/(dashboard)/crm/vendors/page.tsx:6:1)
    at <unknown> (https://nextjs.org/docs/messages/module-not-found)
[browser] ./src/app/(dashboard)/crm/vendors/page.tsx:6:1
Module not found: Can't resolve '@/components/monolith/vendor-master-create-form'
  4 |   CrmPermissionState,
  5 | } from "@/components/monolith/crm-workspace";
> 6 | import { VendorMasterCreateForm } from "@/components/monolith/vendor-master-create-form";
    | ^^^^^^^^^^^^^^^^^^^^^^^^^^^^^^^^^^^^^^^^^^^^^^^^^^^^^^^^^^^^^^^^^^^^^^^^^^^^^^^^^^^^^^^^^
  7 | import React from "react";
  8 | import { redirect } from "next/navigation";
  9 | import { getSession } from "@/lib/auth";

Import map: aliased to relative './src/components/monolith/vendor-master-create-form' inside of [project]/

https://nextjs.org/docs/messages/module-not-found 
[browser] ./src/app/(dashboard)/accounting/vendor-master/page.tsx:12:1
Module not found: Can't resolve '@/components/monolith/vendor-master-create-form'
  10 |   AccountingTable,
  11 | } from "@/components/monolith/accounting-workspace";
> 12 | import { VendorMasterCreateForm } from "@/components/monolith/vendor-master-create-form";
     | ^^^^^^^^^^^^^^^^^^^^^^^^^^^^^^^^^^^^^^^^^^^^^^^^^^^^^^^^^^^^^^^^^^^^^^^^^^^^^^^^^^^^^^^^^
  13 | import { Badge } from "@/components/monolith/badge";
  14 | import { DeleteRecordButton } from "@/app/(dashboard)/crm/_components/delete-record-button";
  15 | import { deleteVendorAction } from "@/modules/crm/actions";

Import map: aliased to relative './src/components/monolith/vendor-master-create-form' inside of [project]/

https://nextjs.org/docs/messages/module-not-found 
[browser] ./src/app/(dashboard)/crm/vendors/page.tsx:6:1
Module not found: Can't resolve '@/components/monolith/vendor-master-create-form'
  4 |   CrmPermissionState,
  5 | } from "@/components/monolith/crm-workspace";
> 6 | import { VendorMasterCreateForm } from "@/components/monolith/vendor-master-create-form";
    | ^^^^^^^^^^^^^^^^^^^^^^^^^^^^^^^^^^^^^^^^^^^^^^^^^^^^^^^^^^^^^^^^^^^^^^^^^^^^^^^^^^^^^^^^^
  7 | import React from "react";
  8 | import { redirect } from "next/navigation";
  9 | import { getSession } from "@/lib/auth";

Import map: aliased to relative './src/components/monolith/vendor-master-create-form' inside of [project]/

https://nextjs.org/docs/messages/module-not-found 
[browser] ./src/app/(dashboard)/accounting/vendor-master/page.tsx:12:1
Module not found: Can't resolve '@/components/monolith/vendor-master-create-form'
  10 |   AccountingTable,
  11 | } from "@/components/monolith/accounting-workspace";
> 12 | import { VendorMasterCreateForm } from "@/components/monolith/vendor-master-create-form";
     | ^^^^^^^^^^^^^^^^^^^^^^^^^^^^^^^^^^^^^^^^^^^^^^^^^^^^^^^^^^^^^^^^^^^^^^^^^^^^^^^^^^^^^^^^^
  13 | import { Badge } from "@/components/monolith/badge";
  14 | import { DeleteRecordButton } from "@/app/(dashboard)/crm/_components/delete-record-button";
  15 | import { deleteVendorAction } from "@/modules/crm/actions";

Import map: aliased to relative './src/components/monolith/vendor-master-create-form' inside of [project]/

https://nextjs.org/docs/messages/module-not-found 
[browser] Uncaught Error: ./src/app/(dashboard)/crm/vendors/page.tsx:6:1
Module not found: Can't resolve '@/components/monolith/vendor-master-create-form'
  4 |   CrmPermissionState,
  5 | } from "@/components/monolith/crm-workspace";
> 6 | import { VendorMasterCreateForm } from "@/components/monolith/vendor-master-create-form";
    | ^^^^^^^^^^^^^^^^^^^^^^^^^^^^^^^^^^^^^^^^^^^^^^^^^^^^^^^^^^^^^^^^^^^^^^^^^^^^^^^^^^^^^^^^^
  7 | import React from "react";
  8 | import { redirect } from "next/navigation";
  9 | import { getSession } from "@/lib/auth";

Import map: aliased to relative './src/components/monolith/vendor-master-create-form' inside of [project]/


https://nextjs.org/docs/messages/module-not-found


    at <unknown> (Error: ./src/app/(dashboard)/crm/vendors/page.tsx:6:1)
    at <unknown> (https://nextjs.org/docs/messages/module-not-found)
    at <unknown> (Error: (./src/app/(dashboard)/crm/vendors/page.tsx:6:1)
    at <unknown> (https://nextjs.org/docs/messages/module-not-found)
[browser] ./src/app/(dashboard)/crm/vendors/page.tsx:6:1
Module not found: Can't resolve '@/components/monolith/vendor-master-create-form'
  4 |   CrmPermissionState,
  5 | } from "@/components/monolith/crm-workspace";
> 6 | import { VendorMasterCreateForm } from "@/components/monolith/vendor-master-create-form";
    | ^^^^^^^^^^^^^^^^^^^^^^^^^^^^^^^^^^^^^^^^^^^^^^^^^^^^^^^^^^^^^^^^^^^^^^^^^^^^^^^^^^^^^^^^^
  7 | import React from "react";
  8 | import { redirect } from "next/navigation";
  9 | import { getSession } from "@/lib/auth";

Import map: aliased to relative './src/components/monolith/vendor-master-create-form' inside of [project]/

https://nextjs.org/docs/messages/module-not-found 
[browser] ./src/app/(dashboard)/accounting/vendor-master/page.tsx:12:1
Module not found: Can't resolve '@/components/monolith/vendor-master-create-form'
  10 |   AccountingTable,
  11 | } from "@/components/monolith/accounting-workspace";
> 12 | import { VendorMasterCreateForm } from "@/components/monolith/vendor-master-create-form";
     | ^^^^^^^^^^^^^^^^^^^^^^^^^^^^^^^^^^^^^^^^^^^^^^^^^^^^^^^^^^^^^^^^^^^^^^^^^^^^^^^^^^^^^^^^^
  13 | import { Badge } from "@/components/monolith/badge";
  14 | import { DeleteRecordButton } from "@/app/(dashboard)/crm/_components/delete-record-button";
  15 | import { deleteVendorAction } from "@/modules/crm/actions";

Import map: aliased to relative './src/components/monolith/vendor-master-create-form' inside of [project]/

https://nextjs.org/docs/messages/module-not-found 
[browser] ./src/app/(dashboard)/crm/vendors/page.tsx:6:1
Module not found: Can't resolve '@/components/monolith/vendor-master-create-form'
  4 |   CrmPermissionState,
  5 | } from "@/components/monolith/crm-workspace";
> 6 | import { VendorMasterCreateForm } from "@/components/monolith/vendor-master-create-form";
    | ^^^^^^^^^^^^^^^^^^^^^^^^^^^^^^^^^^^^^^^^^^^^^^^^^^^^^^^^^^^^^^^^^^^^^^^^^^^^^^^^^^^^^^^^^
  7 | import React from "react";
  8 | import { redirect } from "next/navigation";
  9 | import { getSession } from "@/lib/auth";

Import map: aliased to relative './src/components/monolith/vendor-master-create-form' inside of [project]/

https://nextjs.org/docs/messages/module-not-found 
[browser] ./src/app/(dashboard)/accounting/vendor-master/page.tsx:12:1
Module not found: Can't resolve '@/components/monolith/vendor-master-create-form'
  10 |   AccountingTable,
  11 | } from "@/components/monolith/accounting-workspace";
> 12 | import { VendorMasterCreateForm } from "@/components/monolith/vendor-master-create-form";
     | ^^^^^^^^^^^^^^^^^^^^^^^^^^^^^^^^^^^^^^^^^^^^^^^^^^^^^^^^^^^^^^^^^^^^^^^^^^^^^^^^^^^^^^^^^
  13 | import { Badge } from "@/components/monolith/badge";
  14 | import { DeleteRecordButton } from "@/app/(dashboard)/crm/_components/delete-record-button";
  15 | import { deleteVendorAction } from "@/modules/crm/actions";

Import map: aliased to relative './src/components/monolith/vendor-master-create-form' inside of [project]/

https://nextjs.org/docs/messages/module-not-found 
[browser] Uncaught Error: ./src/app/(dashboard)/crm/vendors/page.tsx:6:1
Module not found: Can't resolve '@/components/monolith/vendor-master-create-form'
  4 |   CrmPermissionState,
  5 | } from "@/components/monolith/crm-workspace";
> 6 | import { VendorMasterCreateForm } from "@/components/monolith/vendor-master-create-form";
    | ^^^^^^^^^^^^^^^^^^^^^^^^^^^^^^^^^^^^^^^^^^^^^^^^^^^^^^^^^^^^^^^^^^^^^^^^^^^^^^^^^^^^^^^^^
  7 | import React from "react";
  8 | import { redirect } from "next/navigation";
  9 | import { getSession } from "@/lib/auth";

Import map: aliased to relative './src/components/monolith/vendor-master-create-form' inside of [project]/


https://nextjs.org/docs/messages/module-not-found


    at <unknown> (Error: ./src/app/(dashboard)/crm/vendors/page.tsx:6:1)
    at <unknown> (https://nextjs.org/docs/messages/module-not-found)
    at <unknown> (Error: (./src/app/(dashboard)/crm/vendors/page.tsx:6:1)
    at <unknown> (https://nextjs.org/docs/messages/module-not-found)
[browser] ./src/app/(dashboard)/crm/vendors/page.tsx:6:1
Module not found: Can't resolve '@/components/monolith/vendor-master-create-form'
  4 |   CrmPermissionState,
  5 | } from "@/components/monolith/crm-workspace";
> 6 | import { VendorMasterCreateForm } from "@/components/monolith/vendor-master-create-form";
    | ^^^^^^^^^^^^^^^^^^^^^^^^^^^^^^^^^^^^^^^^^^^^^^^^^^^^^^^^^^^^^^^^^^^^^^^^^^^^^^^^^^^^^^^^^
  7 | import React from "react";
  8 | import { redirect } from "next/navigation";
  9 | import { getSession } from "@/lib/auth";

Import map: aliased to relative './src/components/monolith/vendor-master-create-form' inside of [project]/

https://nextjs.org/docs/messages/module-not-found 
[browser] ./src/app/(dashboard)/accounting/vendor-master/page.tsx:12:1
Module not found: Can't resolve '@/components/monolith/vendor-master-create-form'
  10 |   AccountingTable,
  11 | } from "@/components/monolith/accounting-workspace";
> 12 | import { VendorMasterCreateForm } from "@/components/monolith/vendor-master-create-form";
     | ^^^^^^^^^^^^^^^^^^^^^^^^^^^^^^^^^^^^^^^^^^^^^^^^^^^^^^^^^^^^^^^^^^^^^^^^^^^^^^^^^^^^^^^^^
  13 | import { Badge } from "@/components/monolith/badge";
  14 | import { DeleteRecordButton } from "@/app/(dashboard)/crm/_components/delete-record-button";
  15 | import { deleteVendorAction } from "@/modules/crm/actions";

Import map: aliased to relative './src/components/monolith/vendor-master-create-form' inside of [project]/

https://nextjs.org/docs/messages/module-not-found 
[browser] ./src/app/(dashboard)/crm/vendors/page.tsx:6:1
Module not found: Can't resolve '@/components/monolith/vendor-master-create-form'
  4 |   CrmPermissionState,
  5 | } from "@/components/monolith/crm-workspace";
> 6 | import { VendorMasterCreateForm } from "@/components/monolith/vendor-master-create-form";
    | ^^^^^^^^^^^^^^^^^^^^^^^^^^^^^^^^^^^^^^^^^^^^^^^^^^^^^^^^^^^^^^^^^^^^^^^^^^^^^^^^^^^^^^^^^
  7 | import React from "react";
  8 | import { redirect } from "next/navigation";
  9 | import { getSession } from "@/lib/auth";

Import map: aliased to relative './src/components/monolith/vendor-master-create-form' inside of [project]/

https://nextjs.org/docs/messages/module-not-found 
[browser] ./src/app/(dashboard)/accounting/vendor-master/page.tsx:12:1
Module not found: Can't resolve '@/components/monolith/vendor-master-create-form'
  10 |   AccountingTable,
  11 | } from "@/components/monolith/accounting-workspace";
> 12 | import { VendorMasterCreateForm } from "@/components/monolith/vendor-master-create-form";
     | ^^^^^^^^^^^^^^^^^^^^^^^^^^^^^^^^^^^^^^^^^^^^^^^^^^^^^^^^^^^^^^^^^^^^^^^^^^^^^^^^^^^^^^^^^
  13 | import { Badge } from "@/components/monolith/badge";
  14 | import { DeleteRecordButton } from "@/app/(dashboard)/crm/_components/delete-record-button";
  15 | import { deleteVendorAction } from "@/modules/crm/actions";

Import map: aliased to relative './src/components/monolith/vendor-master-create-form' inside of [project]/

https://nextjs.org/docs/messages/module-not-found 
[browser] Uncaught Error: ./src/app/(dashboard)/crm/vendors/page.tsx:6:1
Module not found: Can't resolve '@/components/monolith/vendor-master-create-form'
  4 |   CrmPermissionState,
  5 | } from "@/components/monolith/crm-workspace";
> 6 | import { VendorMasterCreateForm } from "@/components/monolith/vendor-master-create-form";
    | ^^^^^^^^^^^^^^^^^^^^^^^^^^^^^^^^^^^^^^^^^^^^^^^^^^^^^^^^^^^^^^^^^^^^^^^^^^^^^^^^^^^^^^^^^
  7 | import React from "react";
  8 | import { redirect } from "next/navigation";
  9 | import { getSession } from "@/lib/auth";

Import map: aliased to relative './src/components/monolith/vendor-master-create-form' inside of [project]/


https://nextjs.org/docs/messages/module-not-found


    at <unknown> (Error: ./src/app/(dashboard)/crm/vendors/page.tsx:6:1)
    at <unknown> (https://nextjs.org/docs/messages/module-not-found)
    at <unknown> (Error: (./src/app/(dashboard)/crm/vendors/page.tsx:6:1)
    at <unknown> (https://nextjs.org/docs/messages/module-not-found)
[browser] ./src/app/(dashboard)/crm/vendors/page.tsx:6:1
Module not found: Can't resolve '@/components/monolith/vendor-master-create-form'
  4 |   CrmPermissionState,
  5 | } from "@/components/monolith/crm-workspace";
> 6 | import { VendorMasterCreateForm } from "@/components/monolith/vendor-master-create-form";
    | ^^^^^^^^^^^^^^^^^^^^^^^^^^^^^^^^^^^^^^^^^^^^^^^^^^^^^^^^^^^^^^^^^^^^^^^^^^^^^^^^^^^^^^^^^
  7 | import React from "react";
  8 | import { redirect } from "next/navigation";
  9 | import { getSession } from "@/lib/auth";

Import map: aliased to relative './src/components/monolith/vendor-master-create-form' inside of [project]/

https://nextjs.org/docs/messages/module-not-found 
[browser] ./src/app/(dashboard)/accounting/vendor-master/page.tsx:12:1
Module not found: Can't resolve '@/components/monolith/vendor-master-create-form'
  10 |   AccountingTable,
  11 | } from "@/components/monolith/accounting-workspace";
> 12 | import { VendorMasterCreateForm } from "@/components/monolith/vendor-master-create-form";
     | ^^^^^^^^^^^^^^^^^^^^^^^^^^^^^^^^^^^^^^^^^^^^^^^^^^^^^^^^^^^^^^^^^^^^^^^^^^^^^^^^^^^^^^^^^
  13 | import { Badge } from "@/components/monolith/badge";
  14 | import { DeleteRecordButton } from "@/app/(dashboard)/crm/_components/delete-record-button";
  15 | import { deleteVendorAction } from "@/modules/crm/actions";

Import map: aliased to relative './src/components/monolith/vendor-master-create-form' inside of [project]/

https://nextjs.org/docs/messages/module-not-found 
[browser] ./src/app/(dashboard)/crm/vendors/page.tsx:6:1
Module not found: Can't resolve '@/components/monolith/vendor-master-create-form'
  4 |   CrmPermissionState,
  5 | } from "@/components/monolith/crm-workspace";
> 6 | import { VendorMasterCreateForm } from "@/components/monolith/vendor-master-create-form";
    | ^^^^^^^^^^^^^^^^^^^^^^^^^^^^^^^^^^^^^^^^^^^^^^^^^^^^^^^^^^^^^^^^^^^^^^^^^^^^^^^^^^^^^^^^^
  7 | import React from "react";
  8 | import { redirect } from "next/navigation";
  9 | import { getSession } from "@/lib/auth";

Import map: aliased to relative './src/components/monolith/vendor-master-create-form' inside of [project]/

https://nextjs.org/docs/messages/module-not-found 
[browser] ./src/app/(dashboard)/accounting/vendor-master/page.tsx:12:1
Module not found: Can't resolve '@/components/monolith/vendor-master-create-form'
  10 |   AccountingTable,
  11 | } from "@/components/monolith/accounting-workspace";
> 12 | import { VendorMasterCreateForm } from "@/components/monolith/vendor-master-create-form";
     | ^^^^^^^^^^^^^^^^^^^^^^^^^^^^^^^^^^^^^^^^^^^^^^^^^^^^^^^^^^^^^^^^^^^^^^^^^^^^^^^^^^^^^^^^^
  13 | import { Badge } from "@/components/monolith/badge";
  14 | import { DeleteRecordButton } from "@/app/(dashboard)/crm/_components/delete-record-button";
  15 | import { deleteVendorAction } from "@/modules/crm/actions";

Import map: aliased to relative './src/components/monolith/vendor-master-create-form' inside of [project]/

https://nextjs.org/docs/messages/module-not-found 
[browser] Uncaught Error: ./src/app/(dashboard)/crm/vendors/page.tsx:6:1
Module not found: Can't resolve '@/components/monolith/vendor-master-create-form'
  4 |   CrmPermissionState,
  5 | } from "@/components/monolith/crm-workspace";
> 6 | import { VendorMasterCreateForm } from "@/components/monolith/vendor-master-create-form";
    | ^^^^^^^^^^^^^^^^^^^^^^^^^^^^^^^^^^^^^^^^^^^^^^^^^^^^^^^^^^^^^^^^^^^^^^^^^^^^^^^^^^^^^^^^^
  7 | import React from "react";
  8 | import { redirect } from "next/navigation";
  9 | import { getSession } from "@/lib/auth";

Import map: aliased to relative './src/components/monolith/vendor-master-create-form' inside of [project]/


https://nextjs.org/docs/messages/module-not-found


    at <unknown> (Error: ./src/app/(dashboard)/crm/vendors/page.tsx:6:1)
    at <unknown> (https://nextjs.org/docs/messages/module-not-found)
    at <unknown> (Error: (./src/app/(dashboard)/crm/vendors/page.tsx:6:1)
    at <unknown> (https://nextjs.org/docs/messages/module-not-found)
[browser] Uncaught Error: ./src/app/(dashboard)/crm/vendors/page.tsx:6:1
Module not found: Can't resolve '@/components/monolith/vendor-master-create-form'
  4 |   CrmPermissionState,
  5 | } from "@/components/monolith/crm-workspace";
> 6 | import { VendorMasterCreateForm } from "@/components/monolith/vendor-master-create-form";
    | ^^^^^^^^^^^^^^^^^^^^^^^^^^^^^^^^^^^^^^^^^^^^^^^^^^^^^^^^^^^^^^^^^^^^^^^^^^^^^^^^^^^^^^^^^
  7 | import React from "react";
  8 | import { redirect } from "next/navigation";
  9 | import { getSession } from "@/lib/auth";

Import map: aliased to relative './src/components/monolith/vendor-master-create-form' inside of [project]/


https://nextjs.org/docs/messages/module-not-found


    at <unknown> (Error: ./src/app/(dashboard)/crm/vendors/page.tsx:6:1)
    at <unknown> (https://nextjs.org/docs/messages/module-not-found)
    at <unknown> (Error: (./src/app/(dashboard)/crm/vendors/page.tsx:6:1)
    at <unknown> (https://nextjs.org/docs/messages/module-not-found)
⨯ ./src/app/(dashboard)/accounting/vendor-master/page.tsx:12:1
Module not found: Can't resolve '@/components/monolith/vendor-master-create-form'
  [90m10 |[0m   [33mAccountingTable[0m,
  [90m11 |[0m } [36mfrom[0m [32m"@/components/monolith/accounting-workspace"[0m;
[31m[1m>[0m [90m12 |[0m [36mimport[0m { [33mVendorMasterCreateForm[0m } [36mfrom[0m [32m"@/components/monolith/vendor-master-create-form"[0m;
  [90m   |[0m [31m[1m^^^^^^^^^^^^^^^^^^^^^^^^^^^^^^^^^^^^^^^^^^^^^^^^^^^^^^^^^^^^^^^^^^^^^^^^^^^^^^^^^^^^^^^^^[0m
  [90m13 |[0m [36mimport[0m { [33mBadge[0m } [36mfrom[0m [32m"@/components/monolith/badge"[0m;
  [90m14 |[0m [36mimport[0m { [33mDeleteRecordButton[0m } [36mfrom[0m [32m"@/app/(dashboard)/crm/_components/delete-record-button"[0m;
  [90m15 |[0m [36mimport[0m { deleteVendorAction } [36mfrom[0m [32m"@/modules/crm/actions"[0m;

Import map: aliased to relative './src/components/monolith/vendor-master-create-form' inside of [project]/


https://nextjs.org/docs/messages/module-not-found


⨯ ./src/app/(dashboard)/accounting/vendor-master/page.tsx:12:1
Module not found: Can't resolve '@/components/monolith/vendor-master-create-form'
  [90m10 |[0m   [33mAccountingTable[0m,
  [90m11 |[0m } [36mfrom[0m [32m"@/components/monolith/accounting-workspace"[0m;
[31m[1m>[0m [90m12 |[0m [36mimport[0m { [33mVendorMasterCreateForm[0m } [36mfrom[0m [32m"@/components/monolith/vendor-master-create-form"[0m;
  [90m   |[0m [31m[1m^^^^^^^^^^^^^^^^^^^^^^^^^^^^^^^^^^^^^^^^^^^^^^^^^^^^^^^^^^^^^^^^^^^^^^^^^^^^^^^^^^^^^^^^^[0m
  [90m13 |[0m [36mimport[0m { [33mBadge[0m } [36mfrom[0m [32m"@/components/monolith/badge"[0m;
  [90m14 |[0m [36mimport[0m { [33mDeleteRecordButton[0m } [36mfrom[0m [32m"@/app/(dashboard)/crm/_components/delete-record-button"[0m;
  [90m15 |[0m [36mimport[0m { deleteVendorAction } [36mfrom[0m [32m"@/modules/crm/actions"[0m;

Import map: aliased to relative './src/components/monolith/vendor-master-create-form' inside of [project]/


https://nextjs.org/docs/messages/module-not-found


⨯ ./src/app/(dashboard)/crm/vendors/page.tsx:6:1
Module not found: Can't resolve '@/components/monolith/vendor-master-create-form'
  [90m4 |[0m   [33mCrmPermissionState[0m,
  [90m5 |[0m } [36mfrom[0m [32m"@/components/monolith/crm-workspace"[0m;
[31m[1m>[0m [90m6 |[0m [36mimport[0m { [33mVendorMasterCreateForm[0m } [36mfrom[0m [32m"@/components/monolith/vendor-master-create-form"[0m;
  [90m  |[0m [31m[1m^^^^^^^^^^^^^^^^^^^^^^^^^^^^^^^^^^^^^^^^^^^^^^^^^^^^^^^^^^^^^^^^^^^^^^^^^^^^^^^^^^^^^^^^^[0m
  [90m7 |[0m [36mimport[0m [33mReact[0m [36mfrom[0m [32m"react"[0m;
  [90m8 |[0m [36mimport[0m { redirect } [36mfrom[0m [32m"next/navigation"[0m;
  [90m9 |[0m [36mimport[0m { getSession } [36mfrom[0m [32m"@/lib/auth"[0m;

Import map: aliased to relative './src/components/monolith/vendor-master-create-form' inside of [project]/


https://nextjs.org/docs/messages/module-not-found


⨯ ./src/app/(dashboard)/crm/vendors/page.tsx:6:1
Module not found: Can't resolve '@/components/monolith/vendor-master-create-form'
  [90m4 |[0m   [33mCrmPermissionState[0m,
  [90m5 |[0m } [36mfrom[0m [32m"@/components/monolith/crm-workspace"[0m;
[31m[1m>[0m [90m6 |[0m [36mimport[0m { [33mVendorMasterCreateForm[0m } [36mfrom[0m [32m"@/components/monolith/vendor-master-create-form"[0m;
  [90m  |[0m [31m[1m^^^^^^^^^^^^^^^^^^^^^^^^^^^^^^^^^^^^^^^^^^^^^^^^^^^^^^^^^^^^^^^^^^^^^^^^^^^^^^^^^^^^^^^^^[0m
  [90m7 |[0m [36mimport[0m [33mReact[0m [36mfrom[0m [32m"react"[0m;
  [90m8 |[0m [36mimport[0m { redirect } [36mfrom[0m [32m"next/navigation"[0m;
  [90m9 |[0m [36mimport[0m { getSession } [36mfrom[0m [32m"@/lib/auth"[0m;

Import map: aliased to relative './src/components/monolith/vendor-master-create-form' inside of [project]/


https://nextjs.org/docs/messages/module-not-found


[browser] Uncaught Error: ./src/app/(dashboard)/crm/vendors/page.tsx:6:1
Module not found: Can't resolve '@/components/monolith/vendor-master-create-form'
  4 |   CrmPermissionState,
  5 | } from "@/components/monolith/crm-workspace";
> 6 | import { VendorMasterCreateForm } from "@/components/monolith/vendor-master-create-form";
    | ^^^^^^^^^^^^^^^^^^^^^^^^^^^^^^^^^^^^^^^^^^^^^^^^^^^^^^^^^^^^^^^^^^^^^^^^^^^^^^^^^^^^^^^^^
  7 | import React from "react";
  8 | import { redirect } from "next/navigation";
  9 | import { getSession } from "@/lib/auth";

Import map: aliased to relative './src/components/monolith/vendor-master-create-form' inside of [project]/


https://nextjs.org/docs/messages/module-not-found


    at <unknown> (Error: ./src/app/(dashboard)/crm/vendors/page.tsx:6:1)
    at <unknown> (https://nextjs.org/docs/messages/module-not-found)
    at <unknown> (Error: (./src/app/(dashboard)/crm/vendors/page.tsx:6:1)
    at <unknown> (https://nextjs.org/docs/messages/module-not-found)
[browser] ./src/app/(dashboard)/crm/vendors/page.tsx:6:1
Module not found: Can't resolve '@/components/monolith/vendor-master-create-form'
  4 |   CrmPermissionState,
  5 | } from "@/components/monolith/crm-workspace";
> 6 | import { VendorMasterCreateForm } from "@/components/monolith/vendor-master-create-form";
    | ^^^^^^^^^^^^^^^^^^^^^^^^^^^^^^^^^^^^^^^^^^^^^^^^^^^^^^^^^^^^^^^^^^^^^^^^^^^^^^^^^^^^^^^^^
  7 | import React from "react";
  8 | import { redirect } from "next/navigation";
  9 | import { getSession } from "@/lib/auth";

Import map: aliased to relative './src/components/monolith/vendor-master-create-form' inside of [project]/

https://nextjs.org/docs/messages/module-not-found 
[browser] ./src/app/(dashboard)/accounting/vendor-master/page.tsx:12:1
Module not found: Can't resolve '@/components/monolith/vendor-master-create-form'
  10 |   AccountingTable,
  11 | } from "@/components/monolith/accounting-workspace";
> 12 | import { VendorMasterCreateForm } from "@/components/monolith/vendor-master-create-form";
     | ^^^^^^^^^^^^^^^^^^^^^^^^^^^^^^^^^^^^^^^^^^^^^^^^^^^^^^^^^^^^^^^^^^^^^^^^^^^^^^^^^^^^^^^^^
  13 | import { Badge } from "@/components/monolith/badge";
  14 | import { DeleteRecordButton } from "@/app/(dashboard)/crm/_components/delete-record-button";
  15 | import { deleteVendorAction } from "@/modules/crm/actions";

Import map: aliased to relative './src/components/monolith/vendor-master-create-form' inside of [project]/

https://nextjs.org/docs/messages/module-not-found 
[browser] ./src/app/(dashboard)/crm/vendors/page.tsx:6:1
Module not found: Can't resolve '@/components/monolith/vendor-master-create-form'
  4 |   CrmPermissionState,
  5 | } from "@/components/monolith/crm-workspace";
> 6 | import { VendorMasterCreateForm } from "@/components/monolith/vendor-master-create-form";
    | ^^^^^^^^^^^^^^^^^^^^^^^^^^^^^^^^^^^^^^^^^^^^^^^^^^^^^^^^^^^^^^^^^^^^^^^^^^^^^^^^^^^^^^^^^
  7 | import React from "react";
  8 | import { redirect } from "next/navigation";
  9 | import { getSession } from "@/lib/auth";

Import map: aliased to relative './src/components/monolith/vendor-master-create-form' inside of [project]/

https://nextjs.org/docs/messages/module-not-found 
[browser] ./src/app/(dashboard)/accounting/vendor-master/page.tsx:12:1
Module not found: Can't resolve '@/components/monolith/vendor-master-create-form'
  10 |   AccountingTable,
  11 | } from "@/components/monolith/accounting-workspace";
> 12 | import { VendorMasterCreateForm } from "@/components/monolith/vendor-master-create-form";
     | ^^^^^^^^^^^^^^^^^^^^^^^^^^^^^^^^^^^^^^^^^^^^^^^^^^^^^^^^^^^^^^^^^^^^^^^^^^^^^^^^^^^^^^^^^
  13 | import { Badge } from "@/components/monolith/badge";
  14 | import { DeleteRecordButton } from "@/app/(dashboard)/crm/_components/delete-record-button";
  15 | import { deleteVendorAction } from "@/modules/crm/actions";

Import map: aliased to relative './src/components/monolith/vendor-master-create-form' inside of [project]/

https://nextjs.org/docs/messages/module-not-found 
[browser] Uncaught Error: ./src/app/(dashboard)/crm/vendors/page.tsx:6:1
Module not found: Can't resolve '@/components/monolith/vendor-master-create-form'
  4 |   CrmPermissionState,
  5 | } from "@/components/monolith/crm-workspace";
> 6 | import { VendorMasterCreateForm } from "@/components/monolith/vendor-master-create-form";
    | ^^^^^^^^^^^^^^^^^^^^^^^^^^^^^^^^^^^^^^^^^^^^^^^^^^^^^^^^^^^^^^^^^^^^^^^^^^^^^^^^^^^^^^^^^
  7 | import React from "react";
  8 | import { redirect } from "next/navigation";
  9 | import { getSession } from "@/lib/auth";

Import map: aliased to relative './src/components/monolith/vendor-master-create-form' inside of [project]/


https://nextjs.org/docs/messages/module-not-found


    at <unknown> (Error: ./src/app/(dashboard)/crm/vendors/page.tsx:6:1)
    at <unknown> (https://nextjs.org/docs/messages/module-not-found)
    at <unknown> (Error: (./src/app/(dashboard)/crm/vendors/page.tsx:6:1)
    at <unknown> (https://nextjs.org/docs/messages/module-not-found)
[browser] ./src/app/(dashboard)/crm/vendors/page.tsx:6:1
Module not found: Can't resolve '@/components/monolith/vendor-master-create-form'
  4 |   CrmPermissionState,
  5 | } from "@/components/monolith/crm-workspace";
> 6 | import { VendorMasterCreateForm } from "@/components/monolith/vendor-master-create-form";
    | ^^^^^^^^^^^^^^^^^^^^^^^^^^^^^^^^^^^^^^^^^^^^^^^^^^^^^^^^^^^^^^^^^^^^^^^^^^^^^^^^^^^^^^^^^
  7 | import React from "react";
  8 | import { redirect } from "next/navigation";
  9 | import { getSession } from "@/lib/auth";

Import map: aliased to relative './src/components/monolith/vendor-master-create-form' inside of [project]/

https://nextjs.org/docs/messages/module-not-found 
[browser] ./src/app/(dashboard)/accounting/vendor-master/page.tsx:12:1
Module not found: Can't resolve '@/components/monolith/vendor-master-create-form'
  10 |   AccountingTable,
  11 | } from "@/components/monolith/accounting-workspace";
> 12 | import { VendorMasterCreateForm } from "@/components/monolith/vendor-master-create-form";
     | ^^^^^^^^^^^^^^^^^^^^^^^^^^^^^^^^^^^^^^^^^^^^^^^^^^^^^^^^^^^^^^^^^^^^^^^^^^^^^^^^^^^^^^^^^
  13 | import { Badge } from "@/components/monolith/badge";
  14 | import { DeleteRecordButton } from "@/app/(dashboard)/crm/_components/delete-record-button";
  15 | import { deleteVendorAction } from "@/modules/crm/actions";

Import map: aliased to relative './src/components/monolith/vendor-master-create-form' inside of [project]/

https://nextjs.org/docs/messages/module-not-found 
[browser] ./src/app/(dashboard)/crm/vendors/page.tsx:6:1
Module not found: Can't resolve '@/components/monolith/vendor-master-create-form'
  4 |   CrmPermissionState,
  5 | } from "@/components/monolith/crm-workspace";
> 6 | import { VendorMasterCreateForm } from "@/components/monolith/vendor-master-create-form";
    | ^^^^^^^^^^^^^^^^^^^^^^^^^^^^^^^^^^^^^^^^^^^^^^^^^^^^^^^^^^^^^^^^^^^^^^^^^^^^^^^^^^^^^^^^^
  7 | import React from "react";
  8 | import { redirect } from "next/navigation";
  9 | import { getSession } from "@/lib/auth";

Import map: aliased to relative './src/components/monolith/vendor-master-create-form' inside of [project]/

https://nextjs.org/docs/messages/module-not-found 
[browser] ./src/app/(dashboard)/accounting/vendor-master/page.tsx:12:1
Module not found: Can't resolve '@/components/monolith/vendor-master-create-form'
  10 |   AccountingTable,
  11 | } from "@/components/monolith/accounting-workspace";
> 12 | import { VendorMasterCreateForm } from "@/components/monolith/vendor-master-create-form";
     | ^^^^^^^^^^^^^^^^^^^^^^^^^^^^^^^^^^^^^^^^^^^^^^^^^^^^^^^^^^^^^^^^^^^^^^^^^^^^^^^^^^^^^^^^^
  13 | import { Badge } from "@/components/monolith/badge";
  14 | import { DeleteRecordButton } from "@/app/(dashboard)/crm/_components/delete-record-button";
  15 | import { deleteVendorAction } from "@/modules/crm/actions";

Import map: aliased to relative './src/components/monolith/vendor-master-create-form' inside of [project]/

https://nextjs.org/docs/messages/module-not-found 
[browser] Uncaught Error: ./src/app/(dashboard)/crm/vendors/page.tsx:6:1
Module not found: Can't resolve '@/components/monolith/vendor-master-create-form'
  4 |   CrmPermissionState,
  5 | } from "@/components/monolith/crm-workspace";
> 6 | import { VendorMasterCreateForm } from "@/components/monolith/vendor-master-create-form";
    | ^^^^^^^^^^^^^^^^^^^^^^^^^^^^^^^^^^^^^^^^^^^^^^^^^^^^^^^^^^^^^^^^^^^^^^^^^^^^^^^^^^^^^^^^^
  7 | import React from "react";
  8 | import { redirect } from "next/navigation";
  9 | import { getSession } from "@/lib/auth";

Import map: aliased to relative './src/components/monolith/vendor-master-create-form' inside of [project]/


https://nextjs.org/docs/messages/module-not-found


    at <unknown> (Error: ./src/app/(dashboard)/crm/vendors/page.tsx:6:1)
    at <unknown> (https://nextjs.org/docs/messages/module-not-found)
    at <unknown> (Error: (./src/app/(dashboard)/crm/vendors/page.tsx:6:1)
    at <unknown> (https://nextjs.org/docs/messages/module-not-found)
[browser] ./src/app/(dashboard)/crm/vendors/page.tsx:6:1
Module not found: Can't resolve '@/components/monolith/vendor-master-create-form'
  4 |   CrmPermissionState,
  5 | } from "@/components/monolith/crm-workspace";
> 6 | import { VendorMasterCreateForm } from "@/components/monolith/vendor-master-create-form";
    | ^^^^^^^^^^^^^^^^^^^^^^^^^^^^^^^^^^^^^^^^^^^^^^^^^^^^^^^^^^^^^^^^^^^^^^^^^^^^^^^^^^^^^^^^^
  7 | import React from "react";
  8 | import { redirect } from "next/navigation";
  9 | import { getSession } from "@/lib/auth";

Import map: aliased to relative './src/components/monolith/vendor-master-create-form' inside of [project]/

https://nextjs.org/docs/messages/module-not-found 
[browser] ./src/app/(dashboard)/accounting/vendor-master/page.tsx:12:1
Module not found: Can't resolve '@/components/monolith/vendor-master-create-form'
  10 |   AccountingTable,
  11 | } from "@/components/monolith/accounting-workspace";
> 12 | import { VendorMasterCreateForm } from "@/components/monolith/vendor-master-create-form";
     | ^^^^^^^^^^^^^^^^^^^^^^^^^^^^^^^^^^^^^^^^^^^^^^^^^^^^^^^^^^^^^^^^^^^^^^^^^^^^^^^^^^^^^^^^^
  13 | import { Badge } from "@/components/monolith/badge";
  14 | import { DeleteRecordButton } from "@/app/(dashboard)/crm/_components/delete-record-button";
  15 | import { deleteVendorAction } from "@/modules/crm/actions";

Import map: aliased to relative './src/components/monolith/vendor-master-create-form' inside of [project]/

https://nextjs.org/docs/messages/module-not-found 
[browser] ./src/app/(dashboard)/crm/vendors/page.tsx:6:1
Module not found: Can't resolve '@/components/monolith/vendor-master-create-form'
  4 |   CrmPermissionState,
  5 | } from "@/components/monolith/crm-workspace";
> 6 | import { VendorMasterCreateForm } from "@/components/monolith/vendor-master-create-form";
    | ^^^^^^^^^^^^^^^^^^^^^^^^^^^^^^^^^^^^^^^^^^^^^^^^^^^^^^^^^^^^^^^^^^^^^^^^^^^^^^^^^^^^^^^^^
  7 | import React from "react";
  8 | import { redirect } from "next/navigation";
  9 | import { getSession } from "@/lib/auth";

Import map: aliased to relative './src/components/monolith/vendor-master-create-form' inside of [project]/

https://nextjs.org/docs/messages/module-not-found 
[browser] ./src/app/(dashboard)/accounting/vendor-master/page.tsx:12:1
Module not found: Can't resolve '@/components/monolith/vendor-master-create-form'
  10 |   AccountingTable,
  11 | } from "@/components/monolith/accounting-workspace";
> 12 | import { VendorMasterCreateForm } from "@/components/monolith/vendor-master-create-form";
     | ^^^^^^^^^^^^^^^^^^^^^^^^^^^^^^^^^^^^^^^^^^^^^^^^^^^^^^^^^^^^^^^^^^^^^^^^^^^^^^^^^^^^^^^^^
  13 | import { Badge } from "@/components/monolith/badge";
  14 | import { DeleteRecordButton } from "@/app/(dashboard)/crm/_components/delete-record-button";
  15 | import { deleteVendorAction } from "@/modules/crm/actions";

Import map: aliased to relative './src/components/monolith/vendor-master-create-form' inside of [project]/

https://nextjs.org/docs/messages/module-not-found 
[browser] Uncaught Error: ./src/app/(dashboard)/crm/vendors/page.tsx:6:1
Module not found: Can't resolve '@/components/monolith/vendor-master-create-form'
  4 |   CrmPermissionState,
  5 | } from "@/components/monolith/crm-workspace";
> 6 | import { VendorMasterCreateForm } from "@/components/monolith/vendor-master-create-form";
    | ^^^^^^^^^^^^^^^^^^^^^^^^^^^^^^^^^^^^^^^^^^^^^^^^^^^^^^^^^^^^^^^^^^^^^^^^^^^^^^^^^^^^^^^^^
  7 | import React from "react";
  8 | import { redirect } from "next/navigation";
  9 | import { getSession } from "@/lib/auth";

Import map: aliased to relative './src/components/monolith/vendor-master-create-form' inside of [project]/


https://nextjs.org/docs/messages/module-not-found


    at <unknown> (Error: ./src/app/(dashboard)/crm/vendors/page.tsx:6:1)
    at <unknown> (https://nextjs.org/docs/messages/module-not-found)
    at <unknown> (Error: (./src/app/(dashboard)/crm/vendors/page.tsx:6:1)
    at <unknown> (https://nextjs.org/docs/messages/module-not-found)
[browser] ./src/app/(dashboard)/crm/vendors/page.tsx:6:1
Module not found: Can't resolve '@/components/monolith/vendor-master-create-form'
  4 |   CrmPermissionState,
  5 | } from "@/components/monolith/crm-workspace";
> 6 | import { VendorMasterCreateForm } from "@/components/monolith/vendor-master-create-form";
    | ^^^^^^^^^^^^^^^^^^^^^^^^^^^^^^^^^^^^^^^^^^^^^^^^^^^^^^^^^^^^^^^^^^^^^^^^^^^^^^^^^^^^^^^^^
  7 | import React from "react";
  8 | import { redirect } from "next/navigation";
  9 | import { getSession } from "@/lib/auth";

Import map: aliased to relative './src/components/monolith/vendor-master-create-form' inside of [project]/

https://nextjs.org/docs/messages/module-not-found 
[browser] ./src/app/(dashboard)/accounting/vendor-master/page.tsx:12:1
Module not found: Can't resolve '@/components/monolith/vendor-master-create-form'
  10 |   AccountingTable,
  11 | } from "@/components/monolith/accounting-workspace";
> 12 | import { VendorMasterCreateForm } from "@/components/monolith/vendor-master-create-form";
     | ^^^^^^^^^^^^^^^^^^^^^^^^^^^^^^^^^^^^^^^^^^^^^^^^^^^^^^^^^^^^^^^^^^^^^^^^^^^^^^^^^^^^^^^^^
  13 | import { Badge } from "@/components/monolith/badge";
  14 | import { DeleteRecordButton } from "@/app/(dashboard)/crm/_components/delete-record-button";
  15 | import { deleteVendorAction } from "@/modules/crm/actions";

Import map: aliased to relative './src/components/monolith/vendor-master-create-form' inside of [project]/

https://nextjs.org/docs/messages/module-not-found 
[browser] ./src/app/(dashboard)/crm/vendors/page.tsx:6:1
Module not found: Can't resolve '@/components/monolith/vendor-master-create-form'
  4 |   CrmPermissionState,
  5 | } from "@/components/monolith/crm-workspace";
> 6 | import { VendorMasterCreateForm } from "@/components/monolith/vendor-master-create-form";
    | ^^^^^^^^^^^^^^^^^^^^^^^^^^^^^^^^^^^^^^^^^^^^^^^^^^^^^^^^^^^^^^^^^^^^^^^^^^^^^^^^^^^^^^^^^
  7 | import React from "react";
  8 | import { redirect } from "next/navigation";
  9 | import { getSession } from "@/lib/auth";

Import map: aliased to relative './src/components/monolith/vendor-master-create-form' inside of [project]/

https://nextjs.org/docs/messages/module-not-found 
[browser] ./src/app/(dashboard)/accounting/vendor-master/page.tsx:12:1
Module not found: Can't resolve '@/components/monolith/vendor-master-create-form'
  10 |   AccountingTable,
  11 | } from "@/components/monolith/accounting-workspace";
> 12 | import { VendorMasterCreateForm } from "@/components/monolith/vendor-master-create-form";
     | ^^^^^^^^^^^^^^^^^^^^^^^^^^^^^^^^^^^^^^^^^^^^^^^^^^^^^^^^^^^^^^^^^^^^^^^^^^^^^^^^^^^^^^^^^
  13 | import { Badge } from "@/components/monolith/badge";
  14 | import { DeleteRecordButton } from "@/app/(dashboard)/crm/_components/delete-record-button";
  15 | import { deleteVendorAction } from "@/modules/crm/actions";

Import map: aliased to relative './src/components/monolith/vendor-master-create-form' inside of [project]/

https://nextjs.org/docs/messages/module-not-found 
[session] Validation DB error: Error [PrismaClientKnownRequestError]: 
Invalid `__TURBOPACK__imported__module__$5b$project$5d2f$src$2f$lib$2f$db$2e$ts__$5b$app$2d$rsc$5d$__$28$ecmascript$29$__["db"].userSession.findUnique()` invocation in
C:\Users\SilverCloud\Documents\Adarsh-Shipping-and-Services-Management-Software\.next\dev\server\chunks\ssr\src_0t4e4~z._.js:688:162

  685     reason: "NOT_FOUND"
  686 };
  687 try {
→ 688     const session = await __TURBOPACK__imported__module__$5b$project$5d2f$src$2f$lib$2f$db$2e$ts__$5b$app$2d$rsc$5d$__$28$ecmascript$29$__["db"].userSession.findUnique(

    at <unknown> (src\lib\session-service.ts:200:42)
    at async validateSession (src\lib\session-service.ts:200:21)
    at async Object.jwt (src\lib\auth.ts:321:24)
  198 |
  199 |   try {
> 200 |     const session = await db.userSession.findUnique({
      |                                          ^
  201 |       where: { token },
  202 |       select: {
  203 |         status: true, {
  code: 'ETIMEDOUT',
  meta: { modelName: 'UserSession' },
  clientVersion: '7.8.0'
}
[browser] Failed to fetch RSC payload for http://localhost:3000/cha/customers/new. Falling back to browser navigation. TypeError: Failed to fetch
[browser] Failed to fetch RSC payload for http://localhost:3000/cha/customers/new. Falling back to browser navigation. TypeError: Failed to fetch
[browser] Failed to fetch RSC payload for http://localhost:3000/cha/customers/new. Falling back to browser navigation. TypeError: Failed to fetch
[browser] Failed to fetch RSC payload for http://localhost:3000/cha/customers/new. Falling back to browser navigation. TypeError: Failed to fetch
[browser] Failed to fetch RSC payload for http://localhost:3000/cha/customers/new. Falling back to browser navigation. TypeError: Failed to fetch
[browser] Failed to fetch RSC payload for http://localhost:3000/cha/customers/new. Falling back to browser navigation. TypeError: Failed to fetch
[browser] Failed to fetch RSC payload for http://localhost:3000/cha/customers/new. Falling back to browser navigation. TypeError: Failed to fetch
[browser] Failed to fetch RSC payload for http://localhost:3000/cha/customers/new. Falling back to browser navigation. TypeError: Failed to fetch
[browser] Failed to fetch RSC payload for http://localhost:3000/cha/customers/new. Falling back to browser navigation. TypeError: Failed to fetch
[browser] Failed to fetch RSC payload for http://localhost:3000/cha/customers/new. Falling back to browser navigation. TypeError: Failed to fetch
[browser] Failed to fetch RSC payload for http://localhost:3000/cha/customers/new. Falling back to browser navigation. TypeError: Failed to fetch
[browser] Failed to fetch RSC payload for http://localhost:3000/cha/customers/new. Falling back to browser navigation. TypeError: network error
TypeError: network error
[browser] Failed to fetch RSC payload for http://localhost:3000/accounting/vendor-master. Falling back to browser navigation. TypeError: network error
TypeError: network error
[browser] Failed to fetch RSC payload for http://localhost:3000/cha/customers/new. Falling back to browser navigation. TypeError: network error
TypeError: network error
[31m[auth][error][0m JWTSessionError: Read more at https://errors.authjs.dev#jwtsessionerror
[31m[auth][cause][0m: Error: no matching decryption secret
    at clockTolerance (C:\Users\SilverCloud\Documents\Adarsh-Shipping-and-Services-Management-Software\.next\dev\server\chunks\node_modules_@auth_core_0g6bd~m._.js:915:15)
    at async flattenedDecrypt (C:\Users\SilverCloud\Documents\Adarsh-Shipping-and-Services-Management-Software\.next\dev\server\chunks\node_modules_jose_dist_webapi_0tf8be1._.js:3336:15)
    at async compactDecrypt (C:\Users\SilverCloud\Documents\Adarsh-Shipping-and-Services-Management-Software\.next\dev\server\chunks\node_modules_jose_dist_webapi_0tf8be1._.js:3430:23)
    at async jwtDecrypt (C:\Users\SilverCloud\Documents\Adarsh-Shipping-and-Services-Management-Software\.next\dev\server\chunks\node_modules_jose_dist_webapi_0tf8be1._.js:3464:23)
    at async Object.decode (C:\Users\SilverCloud\Documents\Adarsh-Shipping-and-Services-Management-Software\.next\dev\server\chunks\node_modules_@auth_core_0g6bd~m._.js:905:25)
    at async Module.session (C:\Users\SilverCloud\Documents\Adarsh-Shipping-and-Services-Management-Software\.next\dev\server\chunks\node_modules_@auth_core_0g6bd~m._.js:4546:29)
    at async AuthInternal (C:\Users\SilverCloud\Documents\Adarsh-Shipping-and-Services-Management-Software\.next\dev\server\chunks\node_modules_@auth_core_0g6bd~m._.js:5145:24)
    at async Auth (C:\Users\SilverCloud\Documents\Adarsh-Shipping-and-Services-Management-Software\.next\dev\server\chunks\node_modules_@auth_core_0g6bd~m._.js:5384:34)
    at async getSessionOrUnauth (C:\Users\SilverCloud\Documents\Adarsh-Shipping-and-Services-Management-Software\.next\dev\server\chunks\src_04i_4_r._.js:1212:21)
    at async C:\Users\SilverCloud\Documents\Adarsh-Shipping-and-Services-Management-Software\.next\dev\server\chunks\src_04i_4_r._.js:3955:36
    at async tracePerformance (C:\Users\SilverCloud\Documents\Adarsh-Shipping-and-Services-Management-Software\.next\dev\server\chunks\src_04i_4_r._.js:1293:16)
    at async AppRouteRouteModule.do (C:\Users\SilverCloud\Documents\Adarsh-Shipping-and-Services-Management-Software\node_modules\next\dist\compiled\next-server\app-route-turbo.runtime.dev.js:5:40115)
    at async AppRouteRouteModule.handle (C:\Users\SilverCloud\Documents\Adarsh-Shipping-and-Services-Management-Software\node_modules\next\dist\compiled\next-server\app-route-turbo.runtime.dev.js:5:47395)
    at async responseGenerator (C:\Users\SilverCloud\Documents\Adarsh-Shipping-and-Services-Management-Software\.next\dev\server\chunks\node_modules_next_0r1noc-._.js:18387:38)
    at async AppRouteRouteModule.handleResponse (C:\Users\SilverCloud\Documents\Adarsh-Shipping-and-Services-Management-Software\node_modules\next\dist\compiled\next-server\app-route-turbo.runtime.dev.js:1:228552)
    at async handleResponse (C:\Users\SilverCloud\Documents\Adarsh-Shipping-and-Services-Management-Software\.next\dev\server\chunks\node_modules_next_0r1noc-._.js:18450:32)
    at async Module.handler (C:\Users\SilverCloud\Documents\Adarsh-Shipping-and-Services-Management-Software\.next\dev\server\chunks\node_modules_next_0r1noc-._.js:18504:13)
    at async DevServer.renderToResponseWithComponentsImpl (C:\Users\SilverCloud\Documents\Adarsh-Shipping-and-Services-Management-Software\node_modules\next\dist\server\base-server.js:1462:9)
    at async DevServer.renderPageComponent (C:\Users\SilverCloud\Documents\Adarsh-Shipping-and-Services-Management-Software\node_modules\next\dist\server\base-server.js:1514:24)
    at async DevServer.renderToResponseImpl (C:\Users\SilverCloud\Documents\Adarsh-Shipping-and-Services-Management-Software\node_modules\next\dist\server\base-server.js:1564:32)
    at async DevServer.pipeImpl (C:\Users\SilverCloud\Documents\Adarsh-Shipping-and-Services-Management-Software\node_modules\next\dist\server\base-server.js:1044:25)
    at async NextNodeServer.handleCatchallRenderRequest (C:\Users\SilverCloud\Documents\Adarsh-Shipping-and-Services-Management-Software\node_modules\next\dist\server\next-server.js:338:17)
    at async DevServer.handleRequestImpl (C:\Users\SilverCloud\Documents\Adarsh-Shipping-and-Services-Management-Software\node_modules\next\dist\server\base-server.js:935:17)
    at async C:\Users\SilverCloud\Documents\Adarsh-Shipping-and-Services-Management-Software\node_modules\next\dist\server\dev\next-dev-server.js:394:20
    at async Span.traceAsyncFn (C:\Users\SilverCloud\Documents\Adarsh-Shipping-and-Services-Management-Software\node_modules\next\dist\trace\trace.js:164:20)
    at async DevServer.handleRequest (C:\Users\SilverCloud\Documents\Adarsh-Shipping-and-Services-Management-Software\node_modules\next\dist\server\dev\next-dev-server.js:390:24)
    at async invokeRender (C:\Users\SilverCloud\Documents\Adarsh-Shipping-and-Services-Management-Software\node_modules\next\dist\server\lib\router-server.js:266:21)
    at async handleRequest (C:\Users\SilverCloud\Documents\Adarsh-Shipping-and-Services-Management-Software\node_modules\next\dist\server\lib\router-server.js:465:24)
    at async requestHandlerImpl (C:\Users\SilverCloud\Documents\Adarsh-Shipping-and-Services-Management-Software\node_modules\next\dist\server\lib\router-server.js:514:13)
    at async Server.requestListener (C:\Users\SilverCloud\Documents\Adarsh-Shipping-and-Services-Management-Software\node_modules\next\dist\server\lib\start-server.js:225:13)
[31m[auth][details][0m: {}
[31m[auth][error][0m JWTSessionError: Read more at https://errors.authjs.dev#jwtsessionerror
[31m[auth][cause][0m: Error: no matching decryption secret
    at clockTolerance (C:\Users\SilverCloud\Documents\Adarsh-Shipping-and-Services-Management-Software\.next\dev\server\chunks\ssr\node_modules_@auth_core_0_a1wyo._.js:915:15)
    at async flattenedDecrypt (C:\Users\SilverCloud\Documents\Adarsh-Shipping-and-Services-Management-Software\.next\dev\server\chunks\ssr\node_modules_jose_dist_webapi_0jt9qtq._.js:3336:15)
    at async compactDecrypt (C:\Users\SilverCloud\Documents\Adarsh-Shipping-and-Services-Management-Software\.next\dev\server\chunks\ssr\node_modules_jose_dist_webapi_0jt9qtq._.js:3430:23)
    at async jwtDecrypt (C:\Users\SilverCloud\Documents\Adarsh-Shipping-and-Services-Management-Software\.next\dev\server\chunks\ssr\node_modules_jose_dist_webapi_0jt9qtq._.js:3464:23)
    at async Object.decode (C:\Users\SilverCloud\Documents\Adarsh-Shipping-and-Services-Management-Software\.next\dev\server\chunks\ssr\node_modules_@auth_core_0_a1wyo._.js:905:25)
    at async Module.session (C:\Users\SilverCloud\Documents\Adarsh-Shipping-and-Services-Management-Software\.next\dev\server\chunks\ssr\node_modules_@auth_core_0_a1wyo._.js:4546:29)
    at async AuthInternal (C:\Users\SilverCloud\Documents\Adarsh-Shipping-and-Services-Management-Software\.next\dev\server\chunks\ssr\node_modules_@auth_core_0_a1wyo._.js:5145:24)
    at async Auth (C:\Users\SilverCloud\Documents\Adarsh-Shipping-and-Services-Management-Software\.next\dev\server\chunks\ssr\node_modules_@auth_core_0_a1wyo._.js:5384:34)
[31m[auth][details][0m: {}
[31m[auth][error][0m JWTSessionError: Read more at https://errors.authjs.dev#jwtsessionerror
[31m[auth][cause][0m: Error: no matching decryption secret
    at clockTolerance (C:\Users\SilverCloud\Documents\Adarsh-Shipping-and-Services-Management-Software\.next\dev\server\chunks\ssr\node_modules_@auth_core_0_a1wyo._.js:915:15)
    at async flattenedDecrypt (C:\Users\SilverCloud\Documents\Adarsh-Shipping-and-Services-Management-Software\.next\dev\server\chunks\ssr\node_modules_jose_dist_webapi_0jt9qtq._.js:3336:15)
    at async compactDecrypt (C:\Users\SilverCloud\Documents\Adarsh-Shipping-and-Services-Management-Software\.next\dev\server\chunks\ssr\node_modules_jose_dist_webapi_0jt9qtq._.js:3430:23)
    at async jwtDecrypt (C:\Users\SilverCloud\Documents\Adarsh-Shipping-and-Services-Management-Software\.next\dev\server\chunks\ssr\node_modules_jose_dist_webapi_0jt9qtq._.js:3464:23)
    at async Object.decode (C:\Users\SilverCloud\Documents\Adarsh-Shipping-and-Services-Management-Software\.next\dev\server\chunks\ssr\node_modules_@auth_core_0_a1wyo._.js:905:25)
    at async Module.session (C:\Users\SilverCloud\Documents\Adarsh-Shipping-and-Services-Management-Software\.next\dev\server\chunks\ssr\node_modules_@auth_core_0_a1wyo._.js:4546:29)
    at async AuthInternal (C:\Users\SilverCloud\Documents\Adarsh-Shipping-and-Services-Management-Software\.next\dev\server\chunks\ssr\node_modules_@auth_core_0_a1wyo._.js:5145:24)
    at async Auth (C:\Users\SilverCloud\Documents\Adarsh-Shipping-and-Services-Management-Software\.next\dev\server\chunks\ssr\node_modules_@auth_core_0_a1wyo._.js:5384:34)
[31m[auth][details][0m: {}
[31m[auth][error][0m JWTSessionError: Read more at https://errors.authjs.dev#jwtsessionerror
[31m[auth][cause][0m: Error: no matching decryption secret
    at clockTolerance (C:\Users\SilverCloud\Documents\Adarsh-Shipping-and-Services-Management-Software\.next\dev\server\chunks\ssr\node_modules_@auth_core_0_a1wyo._.js:915:15)
    at async flattenedDecrypt (C:\Users\SilverCloud\Documents\Adarsh-Shipping-and-Services-Management-Software\.next\dev\server\chunks\ssr\node_modules_jose_dist_webapi_0jt9qtq._.js:3336:15)
    at async compactDecrypt (C:\Users\SilverCloud\Documents\Adarsh-Shipping-and-Services-Management-Software\.next\dev\server\chunks\ssr\node_modules_jose_dist_webapi_0jt9qtq._.js:3430:23)
    at async jwtDecrypt (C:\Users\SilverCloud\Documents\Adarsh-Shipping-and-Services-Management-Software\.next\dev\server\chunks\ssr\node_modules_jose_dist_webapi_0jt9qtq._.js:3464:23)
    at async Object.decode (C:\Users\SilverCloud\Documents\Adarsh-Shipping-and-Services-Management-Software\.next\dev\server\chunks\ssr\node_modules_@auth_core_0_a1wyo._.js:905:25)
    at async Module.session (C:\Users\SilverCloud\Documents\Adarsh-Shipping-and-Services-Management-Software\.next\dev\server\chunks\ssr\node_modules_@auth_core_0_a1wyo._.js:4546:29)
    at async AuthInternal (C:\Users\SilverCloud\Documents\Adarsh-Shipping-and-Services-Management-Software\.next\dev\server\chunks\ssr\node_modules_@auth_core_0_a1wyo._.js:5145:24)
    at async Auth (C:\Users\SilverCloud\Documents\Adarsh-Shipping-and-Services-Management-Software\.next\dev\server\chunks\ssr\node_modules_@auth_core_0_a1wyo._.js:5384:34)
[31m[auth][details][0m: {}
[31m[auth][error][0m JWTSessionError: Read more at https://errors.authjs.dev#jwtsessionerror
[31m[auth][cause][0m: Error: no matching decryption secret
    at clockTolerance (C:\Users\SilverCloud\Documents\Adarsh-Shipping-and-Services-Management-Software\.next\dev\server\chunks\ssr\node_modules_@auth_core_0_a1wyo._.js:915:15)
    at async flattenedDecrypt (C:\Users\SilverCloud\Documents\Adarsh-Shipping-and-Services-Management-Software\.next\dev\server\chunks\ssr\node_modules_jose_dist_webapi_0jt9qtq._.js:3336:15)
    at async compactDecrypt (C:\Users\SilverCloud\Documents\Adarsh-Shipping-and-Services-Management-Software\.next\dev\server\chunks\ssr\node_modules_jose_dist_webapi_0jt9qtq._.js:3430:23)
    at async jwtDecrypt (C:\Users\SilverCloud\Documents\Adarsh-Shipping-and-Services-Management-Software\.next\dev\server\chunks\ssr\node_modules_jose_dist_webapi_0jt9qtq._.js:3464:23)
    at async Object.decode (C:\Users\SilverCloud\Documents\Adarsh-Shipping-and-Services-Management-Software\.next\dev\server\chunks\ssr\node_modules_@auth_core_0_a1wyo._.js:905:25)
    at async Module.session (C:\Users\SilverCloud\Documents\Adarsh-Shipping-and-Services-Management-Software\.next\dev\server\chunks\ssr\node_modules_@auth_core_0_a1wyo._.js:4546:29)
    at async AuthInternal (C:\Users\SilverCloud\Documents\Adarsh-Shipping-and-Services-Management-Software\.next\dev\server\chunks\ssr\node_modules_@auth_core_0_a1wyo._.js:5145:24)
    at async Auth (C:\Users\SilverCloud\Documents\Adarsh-Shipping-and-Services-Management-Software\.next\dev\server\chunks\ssr\node_modules_@auth_core_0_a1wyo._.js:5384:34)
[31m[auth][details][0m: {}
[31m[auth][error][0m JWTSessionError: Read more at https://errors.authjs.dev#jwtsessionerror
[31m[auth][cause][0m: Error: no matching decryption secret
    at clockTolerance (C:\Users\SilverCloud\Documents\Adarsh-Shipping-and-Services-Management-Software\.next\dev\server\chunks\ssr\node_modules_@auth_core_0_a1wyo._.js:915:15)
    at async flattenedDecrypt (C:\Users\SilverCloud\Documents\Adarsh-Shipping-and-Services-Management-Software\.next\dev\server\chunks\ssr\node_modules_jose_dist_webapi_0jt9qtq._.js:3336:15)
    at async compactDecrypt (C:\Users\SilverCloud\Documents\Adarsh-Shipping-and-Services-Management-Software\.next\dev\server\chunks\ssr\node_modules_jose_dist_webapi_0jt9qtq._.js:3430:23)
    at async jwtDecrypt (C:\Users\SilverCloud\Documents\Adarsh-Shipping-and-Services-Management-Software\.next\dev\server\chunks\ssr\node_modules_jose_dist_webapi_0jt9qtq._.js:3464:23)
    at async Object.decode (C:\Users\SilverCloud\Documents\Adarsh-Shipping-and-Services-Management-Software\.next\dev\server\chunks\ssr\node_modules_@auth_core_0_a1wyo._.js:905:25)
    at async Module.session (C:\Users\SilverCloud\Documents\Adarsh-Shipping-and-Services-Management-Software\.next\dev\server\chunks\ssr\node_modules_@auth_core_0_a1wyo._.js:4546:29)
    at async AuthInternal (C:\Users\SilverCloud\Documents\Adarsh-Shipping-and-Services-Management-Software\.next\dev\server\chunks\ssr\node_modules_@auth_core_0_a1wyo._.js:5145:24)
    at async Auth (C:\Users\SilverCloud\Documents\Adarsh-Shipping-and-Services-Management-Software\.next\dev\server\chunks\ssr\node_modules_@auth_core_0_a1wyo._.js:5384:34)
[31m[auth][details][0m: {}
[31m[auth][error][0m JWTSessionError: Read more at https://errors.authjs.dev#jwtsessionerror
[31m[auth][cause][0m: Error: no matching decryption secret
    at clockTolerance (C:\Users\SilverCloud\Documents\Adarsh-Shipping-and-Services-Management-Software\.next\dev\server\chunks\ssr\node_modules_@auth_core_0_a1wyo._.js:915:15)
    at async flattenedDecrypt (C:\Users\SilverCloud\Documents\Adarsh-Shipping-and-Services-Management-Software\.next\dev\server\chunks\ssr\node_modules_jose_dist_webapi_0jt9qtq._.js:3336:15)
    at async compactDecrypt (C:\Users\SilverCloud\Documents\Adarsh-Shipping-and-Services-Management-Software\.next\dev\server\chunks\ssr\node_modules_jose_dist_webapi_0jt9qtq._.js:3430:23)
    at async jwtDecrypt (C:\Users\SilverCloud\Documents\Adarsh-Shipping-and-Services-Management-Software\.next\dev\server\chunks\ssr\node_modules_jose_dist_webapi_0jt9qtq._.js:3464:23)
    at async Object.decode (C:\Users\SilverCloud\Documents\Adarsh-Shipping-and-Services-Management-Software\.next\dev\server\chunks\ssr\node_modules_@auth_core_0_a1wyo._.js:905:25)
    at async Module.session (C:\Users\SilverCloud\Documents\Adarsh-Shipping-and-Services-Management-Software\.next\dev\server\chunks\ssr\node_modules_@auth_core_0_a1wyo._.js:4546:29)
    at async AuthInternal (C:\Users\SilverCloud\Documents\Adarsh-Shipping-and-Services-Management-Software\.next\dev\server\chunks\ssr\node_modules_@auth_core_0_a1wyo._.js:5145:24)
    at async Auth (C:\Users\SilverCloud\Documents\Adarsh-Shipping-and-Services-Management-Software\.next\dev\server\chunks\ssr\node_modules_@auth_core_0_a1wyo._.js:5384:34)
[31m[auth][details][0m: {}
[31m[auth][error][0m JWTSessionError: Read more at https://errors.authjs.dev#jwtsessionerror
[31m[auth][cause][0m: Error: no matching decryption secret
    at clockTolerance (C:\Users\SilverCloud\Documents\Adarsh-Shipping-and-Services-Management-Software\.next\dev\server\chunks\ssr\node_modules_@auth_core_0_a1wyo._.js:915:15)
    at async flattenedDecrypt (C:\Users\SilverCloud\Documents\Adarsh-Shipping-and-Services-Management-Software\.next\dev\server\chunks\ssr\node_modules_jose_dist_webapi_0jt9qtq._.js:3336:15)
    at async compactDecrypt (C:\Users\SilverCloud\Documents\Adarsh-Shipping-and-Services-Management-Software\.next\dev\server\chunks\ssr\node_modules_jose_dist_webapi_0jt9qtq._.js:3430:23)
    at async jwtDecrypt (C:\Users\SilverCloud\Documents\Adarsh-Shipping-and-Services-Management-Software\.next\dev\server\chunks\ssr\node_modules_jose_dist_webapi_0jt9qtq._.js:3464:23)
    at async Object.decode (C:\Users\SilverCloud\Documents\Adarsh-Shipping-and-Services-Management-Software\.next\dev\server\chunks\ssr\node_modules_@auth_core_0_a1wyo._.js:905:25)
    at async Module.session (C:\Users\SilverCloud\Documents\Adarsh-Shipping-and-Services-Management-Software\.next\dev\server\chunks\ssr\node_modules_@auth_core_0_a1wyo._.js:4546:29)
    at async AuthInternal (C:\Users\SilverCloud\Documents\Adarsh-Shipping-and-Services-Management-Software\.next\dev\server\chunks\ssr\node_modules_@auth_core_0_a1wyo._.js:5145:24)
    at async Auth (C:\Users\SilverCloud\Documents\Adarsh-Shipping-and-Services-Management-Software\.next\dev\server\chunks\ssr\node_modules_@auth_core_0_a1wyo._.js:5384:34)
[31m[auth][details][0m: {}
[31m[auth][error][0m JWTSessionError: Read more at https://errors.authjs.dev#jwtsessionerror
[31m[auth][cause][0m: Error: no matching decryption secret
    at clockTolerance (C:\Users\SilverCloud\Documents\Adarsh-Shipping-and-Services-Management-Software\.next\dev\server\chunks\ssr\node_modules_@auth_core_0_a1wyo._.js:915:15)
    at async flattenedDecrypt (C:\Users\SilverCloud\Documents\Adarsh-Shipping-and-Services-Management-Software\.next\dev\server\chunks\ssr\node_modules_jose_dist_webapi_0jt9qtq._.js:3336:15)
    at async compactDecrypt (C:\Users\SilverCloud\Documents\Adarsh-Shipping-and-Services-Management-Software\.next\dev\server\chunks\ssr\node_modules_jose_dist_webapi_0jt9qtq._.js:3430:23)
    at async jwtDecrypt (C:\Users\SilverCloud\Documents\Adarsh-Shipping-and-Services-Management-Software\.next\dev\server\chunks\ssr\node_modules_jose_dist_webapi_0jt9qtq._.js:3464:23)
    at async Object.decode (C:\Users\SilverCloud\Documents\Adarsh-Shipping-and-Services-Management-Software\.next\dev\server\chunks\ssr\node_modules_@auth_core_0_a1wyo._.js:905:25)
    at async Module.session (C:\Users\SilverCloud\Documents\Adarsh-Shipping-and-Services-Management-Software\.next\dev\server\chunks\ssr\node_modules_@auth_core_0_a1wyo._.js:4546:29)
    at async AuthInternal (C:\Users\SilverCloud\Documents\Adarsh-Shipping-and-Services-Management-Software\.next\dev\server\chunks\ssr\node_modules_@auth_core_0_a1wyo._.js:5145:24)
    at async Auth (C:\Users\SilverCloud\Documents\Adarsh-Shipping-and-Services-Management-Software\.next\dev\server\chunks\ssr\node_modules_@auth_core_0_a1wyo._.js:5384:34)
[31m[auth][details][0m: {}
[31m[auth][error][0m JWTSessionError: Read more at https://errors.authjs.dev#jwtsessionerror
[31m[auth][cause][0m: Error: no matching decryption secret
    at clockTolerance (C:\Users\SilverCloud\Documents\Adarsh-Shipping-and-Services-Management-Software\.next\dev\server\chunks\ssr\node_modules_@auth_core_0_a1wyo._.js:915:15)
    at async flattenedDecrypt (C:\Users\SilverCloud\Documents\Adarsh-Shipping-and-Services-Management-Software\.next\dev\server\chunks\ssr\node_modules_jose_dist_webapi_0jt9qtq._.js:3336:15)
    at async compactDecrypt (C:\Users\SilverCloud\Documents\Adarsh-Shipping-and-Services-Management-Software\.next\dev\server\chunks\ssr\node_modules_jose_dist_webapi_0jt9qtq._.js:3430:23)
    at async jwtDecrypt (C:\Users\SilverCloud\Documents\Adarsh-Shipping-and-Services-Management-Software\.next\dev\server\chunks\ssr\node_modules_jose_dist_webapi_0jt9qtq._.js:3464:23)
    at async Object.decode (C:\Users\SilverCloud\Documents\Adarsh-Shipping-and-Services-Management-Software\.next\dev\server\chunks\ssr\node_modules_@auth_core_0_a1wyo._.js:905:25)
    at async Module.session (C:\Users\SilverCloud\Documents\Adarsh-Shipping-and-Services-Management-Software\.next\dev\server\chunks\ssr\node_modules_@auth_core_0_a1wyo._.js:4546:29)
    at async AuthInternal (C:\Users\SilverCloud\Documents\Adarsh-Shipping-and-Services-Management-Software\.next\dev\server\chunks\ssr\node_modules_@auth_core_0_a1wyo._.js:5145:24)
    at async Auth (C:\Users\SilverCloud\Documents\Adarsh-Shipping-and-Services-Management-Software\.next\dev\server\chunks\ssr\node_modules_@auth_core_0_a1wyo._.js:5384:34)
[31m[auth][details][0m: {}
[31m[auth][error][0m JWTSessionError: Read more at https://errors.authjs.dev#jwtsessionerror
[31m[auth][cause][0m: Error: no matching decryption secret
    at clockTolerance (C:\Users\SilverCloud\Documents\Adarsh-Shipping-and-Services-Management-Software\.next\dev\server\chunks\ssr\node_modules_@auth_core_0_a1wyo._.js:915:15)
    at async flattenedDecrypt (C:\Users\SilverCloud\Documents\Adarsh-Shipping-and-Services-Management-Software\.next\dev\server\chunks\ssr\node_modules_jose_dist_webapi_0jt9qtq._.js:3336:15)
    at async compactDecrypt (C:\Users\SilverCloud\Documents\Adarsh-Shipping-and-Services-Management-Software\.next\dev\server\chunks\ssr\node_modules_jose_dist_webapi_0jt9qtq._.js:3430:23)
    at async jwtDecrypt (C:\Users\SilverCloud\Documents\Adarsh-Shipping-and-Services-Management-Software\.next\dev\server\chunks\ssr\node_modules_jose_dist_webapi_0jt9qtq._.js:3464:23)
    at async Object.decode (C:\Users\SilverCloud\Documents\Adarsh-Shipping-and-Services-Management-Software\.next\dev\server\chunks\ssr\node_modules_@auth_core_0_a1wyo._.js:905:25)
    at async Module.session (C:\Users\SilverCloud\Documents\Adarsh-Shipping-and-Services-Management-Software\.next\dev\server\chunks\ssr\node_modules_@auth_core_0_a1wyo._.js:4546:29)
    at async AuthInternal (C:\Users\SilverCloud\Documents\Adarsh-Shipping-and-Services-Management-Software\.next\dev\server\chunks\ssr\node_modules_@auth_core_0_a1wyo._.js:5145:24)
    at async Auth (C:\Users\SilverCloud\Documents\Adarsh-Shipping-and-Services-Management-Software\.next\dev\server\chunks\ssr\node_modules_@auth_core_0_a1wyo._.js:5384:34)
[31m[auth][details][0m: {}
[31m[auth][error][0m JWTSessionError: Read more at https://errors.authjs.dev#jwtsessionerror
[31m[auth][cause][0m: Error: no matching decryption secret
    at clockTolerance (C:\Users\SilverCloud\Documents\Adarsh-Shipping-and-Services-Management-Software\.next\dev\server\chunks\ssr\node_modules_@auth_core_0_a1wyo._.js:915:15)
    at async flattenedDecrypt (C:\Users\SilverCloud\Documents\Adarsh-Shipping-and-Services-Management-Software\.next\dev\server\chunks\ssr\node_modules_jose_dist_webapi_0jt9qtq._.js:3336:15)
    at async compactDecrypt (C:\Users\SilverCloud\Documents\Adarsh-Shipping-and-Services-Management-Software\.next\dev\server\chunks\ssr\node_modules_jose_dist_webapi_0jt9qtq._.js:3430:23)
    at async jwtDecrypt (C:\Users\SilverCloud\Documents\Adarsh-Shipping-and-Services-Management-Software\.next\dev\server\chunks\ssr\node_modules_jose_dist_webapi_0jt9qtq._.js:3464:23)
    at async Object.decode (C:\Users\SilverCloud\Documents\Adarsh-Shipping-and-Services-Management-Software\.next\dev\server\chunks\ssr\node_modules_@auth_core_0_a1wyo._.js:905:25)
    at async Module.session (C:\Users\SilverCloud\Documents\Adarsh-Shipping-and-Services-Management-Software\.next\dev\server\chunks\ssr\node_modules_@auth_core_0_a1wyo._.js:4546:29)
    at async AuthInternal (C:\Users\SilverCloud\Documents\Adarsh-Shipping-and-Services-Management-Software\.next\dev\server\chunks\ssr\node_modules_@auth_core_0_a1wyo._.js:5145:24)
    at async Auth (C:\Users\SilverCloud\Documents\Adarsh-Shipping-and-Services-Management-Software\.next\dev\server\chunks\ssr\node_modules_@auth_core_0_a1wyo._.js:5384:34)
[31m[auth][details][0m: {}
[31m[auth][error][0m JWTSessionError: Read more at https://errors.authjs.dev#jwtsessionerror
[31m[auth][cause][0m: Error: no matching decryption secret
    at clockTolerance (C:\Users\SilverCloud\Documents\Adarsh-Shipping-and-Services-Management-Software\.next\dev\server\chunks\ssr\node_modules_@auth_core_0_a1wyo._.js:915:15)
    at async flattenedDecrypt (C:\Users\SilverCloud\Documents\Adarsh-Shipping-and-Services-Management-Software\.next\dev\server\chunks\ssr\node_modules_jose_dist_webapi_0jt9qtq._.js:3336:15)
    at async compactDecrypt (C:\Users\SilverCloud\Documents\Adarsh-Shipping-and-Services-Management-Software\.next\dev\server\chunks\ssr\node_modules_jose_dist_webapi_0jt9qtq._.js:3430:23)
    at async jwtDecrypt (C:\Users\SilverCloud\Documents\Adarsh-Shipping-and-Services-Management-Software\.next\dev\server\chunks\ssr\node_modules_jose_dist_webapi_0jt9qtq._.js:3464:23)
    at async Object.decode (C:\Users\SilverCloud\Documents\Adarsh-Shipping-and-Services-Management-Software\.next\dev\server\chunks\ssr\node_modules_@auth_core_0_a1wyo._.js:905:25)
    at async Module.session (C:\Users\SilverCloud\Documents\Adarsh-Shipping-and-Services-Management-Software\.next\dev\server\chunks\ssr\node_modules_@auth_core_0_a1wyo._.js:4546:29)
    at async AuthInternal (C:\Users\SilverCloud\Documents\Adarsh-Shipping-and-Services-Management-Software\.next\dev\server\chunks\ssr\node_modules_@auth_core_0_a1wyo._.js:5145:24)
    at async Auth (C:\Users\SilverCloud\Documents\Adarsh-Shipping-and-Services-Management-Software\.next\dev\server\chunks\ssr\node_modules_@auth_core_0_a1wyo._.js:5384:34)
[31m[auth][details][0m: {}
[31m[auth][error][0m JWTSessionError: Read more at https://errors.authjs.dev#jwtsessionerror
[31m[auth][cause][0m: Error: no matching decryption secret
    at clockTolerance (C:\Users\SilverCloud\Documents\Adarsh-Shipping-and-Services-Management-Software\.next\dev\server\chunks\ssr\node_modules_@auth_core_0_a1wyo._.js:915:15)
    at async flattenedDecrypt (C:\Users\SilverCloud\Documents\Adarsh-Shipping-and-Services-Management-Software\.next\dev\server\chunks\ssr\node_modules_jose_dist_webapi_0jt9qtq._.js:3336:15)
    at async compactDecrypt (C:\Users\SilverCloud\Documents\Adarsh-Shipping-and-Services-Management-Software\.next\dev\server\chunks\ssr\node_modules_jose_dist_webapi_0jt9qtq._.js:3430:23)
    at async jwtDecrypt (C:\Users\SilverCloud\Documents\Adarsh-Shipping-and-Services-Management-Software\.next\dev\server\chunks\ssr\node_modules_jose_dist_webapi_0jt9qtq._.js:3464:23)
    at async Object.decode (C:\Users\SilverCloud\Documents\Adarsh-Shipping-and-Services-Management-Software\.next\dev\server\chunks\ssr\node_modules_@auth_core_0_a1wyo._.js:905:25)
    at async Module.session (C:\Users\SilverCloud\Documents\Adarsh-Shipping-and-Services-Management-Software\.next\dev\server\chunks\ssr\node_modules_@auth_core_0_a1wyo._.js:4546:29)
    at async AuthInternal (C:\Users\SilverCloud\Documents\Adarsh-Shipping-and-Services-Management-Software\.next\dev\server\chunks\ssr\node_modules_@auth_core_0_a1wyo._.js:5145:24)
    at async Auth (C:\Users\SilverCloud\Documents\Adarsh-Shipping-and-Services-Management-Software\.next\dev\server\chunks\ssr\node_modules_@auth_core_0_a1wyo._.js:5384:34)
[31m[auth][details][0m: {}
[31m[auth][error][0m JWTSessionError: Read more at https://errors.authjs.dev#jwtsessionerror
[31m[auth][cause][0m: Error: no matching decryption secret
    at clockTolerance (C:\Users\SilverCloud\Documents\Adarsh-Shipping-and-Services-Management-Software\.next\dev\server\chunks\ssr\node_modules_@auth_core_0_a1wyo._.js:915:15)
    at async flattenedDecrypt (C:\Users\SilverCloud\Documents\Adarsh-Shipping-and-Services-Management-Software\.next\dev\server\chunks\ssr\node_modules_jose_dist_webapi_0jt9qtq._.js:3336:15)
    at async compactDecrypt (C:\Users\SilverCloud\Documents\Adarsh-Shipping-and-Services-Management-Software\.next\dev\server\chunks\ssr\node_modules_jose_dist_webapi_0jt9qtq._.js:3430:23)
    at async jwtDecrypt (C:\Users\SilverCloud\Documents\Adarsh-Shipping-and-Services-Management-Software\.next\dev\server\chunks\ssr\node_modules_jose_dist_webapi_0jt9qtq._.js:3464:23)
    at async Object.decode (C:\Users\SilverCloud\Documents\Adarsh-Shipping-and-Services-Management-Software\.next\dev\server\chunks\ssr\node_modules_@auth_core_0_a1wyo._.js:905:25)
    at async Module.session (C:\Users\SilverCloud\Documents\Adarsh-Shipping-and-Services-Management-Software\.next\dev\server\chunks\ssr\node_modules_@auth_core_0_a1wyo._.js:4546:29)
    at async AuthInternal (C:\Users\SilverCloud\Documents\Adarsh-Shipping-and-Services-Management-Software\.next\dev\server\chunks\ssr\node_modules_@auth_core_0_a1wyo._.js:5145:24)
    at async Auth (C:\Users\SilverCloud\Documents\Adarsh-Shipping-and-Services-Management-Software\.next\dev\server\chunks\ssr\node_modules_@auth_core_0_a1wyo._.js:5384:34)
[31m[auth][details][0m: {}
[31m[auth][error][0m JWTSessionError: Read more at https://errors.authjs.dev#jwtsessionerror
[31m[auth][cause][0m: Error: no matching decryption secret
    at clockTolerance (C:\Users\SilverCloud\Documents\Adarsh-Shipping-and-Services-Management-Software\.next\dev\server\chunks\ssr\node_modules_@auth_core_0_a1wyo._.js:915:15)
    at async flattenedDecrypt (C:\Users\SilverCloud\Documents\Adarsh-Shipping-and-Services-Management-Software\.next\dev\server\chunks\ssr\node_modules_jose_dist_webapi_0jt9qtq._.js:3336:15)
    at async compactDecrypt (C:\Users\SilverCloud\Documents\Adarsh-Shipping-and-Services-Management-Software\.next\dev\server\chunks\ssr\node_modules_jose_dist_webapi_0jt9qtq._.js:3430:23)
    at async jwtDecrypt (C:\Users\SilverCloud\Documents\Adarsh-Shipping-and-Services-Management-Software\.next\dev\server\chunks\ssr\node_modules_jose_dist_webapi_0jt9qtq._.js:3464:23)
    at async Object.decode (C:\Users\SilverCloud\Documents\Adarsh-Shipping-and-Services-Management-Software\.next\dev\server\chunks\ssr\node_modules_@auth_core_0_a1wyo._.js:905:25)
    at async Module.session (C:\Users\SilverCloud\Documents\Adarsh-Shipping-and-Services-Management-Software\.next\dev\server\chunks\ssr\node_modules_@auth_core_0_a1wyo._.js:4546:29)
    at async AuthInternal (C:\Users\SilverCloud\Documents\Adarsh-Shipping-and-Services-Management-Software\.next\dev\server\chunks\ssr\node_modules_@auth_core_0_a1wyo._.js:5145:24)
    at async Auth (C:\Users\SilverCloud\Documents\Adarsh-Shipping-and-Services-Management-Software\.next\dev\server\chunks\ssr\node_modules_@auth_core_0_a1wyo._.js:5384:34)
[31m[auth][details][0m: {}
[31m[auth][error][0m JWTSessionError: Read more at https://errors.authjs.dev#jwtsessionerror
[31m[auth][cause][0m: Error: no matching decryption secret
    at clockTolerance (C:\Users\SilverCloud\Documents\Adarsh-Shipping-and-Services-Management-Software\.next\dev\server\chunks\ssr\node_modules_@auth_core_0_a1wyo._.js:915:15)
    at async flattenedDecrypt (C:\Users\SilverCloud\Documents\Adarsh-Shipping-and-Services-Management-Software\.next\dev\server\chunks\ssr\node_modules_jose_dist_webapi_0jt9qtq._.js:3336:15)
    at async compactDecrypt (C:\Users\SilverCloud\Documents\Adarsh-Shipping-and-Services-Management-Software\.next\dev\server\chunks\ssr\node_modules_jose_dist_webapi_0jt9qtq._.js:3430:23)
    at async jwtDecrypt (C:\Users\SilverCloud\Documents\Adarsh-Shipping-and-Services-Management-Software\.next\dev\server\chunks\ssr\node_modules_jose_dist_webapi_0jt9qtq._.js:3464:23)
    at async Object.decode (C:\Users\SilverCloud\Documents\Adarsh-Shipping-and-Services-Management-Software\.next\dev\server\chunks\ssr\node_modules_@auth_core_0_a1wyo._.js:905:25)
    at async Module.session (C:\Users\SilverCloud\Documents\Adarsh-Shipping-and-Services-Management-Software\.next\dev\server\chunks\ssr\node_modules_@auth_core_0_a1wyo._.js:4546:29)
    at async AuthInternal (C:\Users\SilverCloud\Documents\Adarsh-Shipping-and-Services-Management-Software\.next\dev\server\chunks\ssr\node_modules_@auth_core_0_a1wyo._.js:5145:24)
    at async Auth (C:\Users\SilverCloud\Documents\Adarsh-Shipping-and-Services-Management-Software\.next\dev\server\chunks\ssr\node_modules_@auth_core_0_a1wyo._.js:5384:34)
[31m[auth][details][0m: {}
[31m[auth][error][0m JWTSessionError: Read more at https://errors.authjs.dev#jwtsessionerror
[31m[auth][cause][0m: Error: no matching decryption secret
    at clockTolerance (C:\Users\SilverCloud\Documents\Adarsh-Shipping-and-Services-Management-Software\.next\dev\server\chunks\ssr\node_modules_@auth_core_0_a1wyo._.js:915:15)
    at async flattenedDecrypt (C:\Users\SilverCloud\Documents\Adarsh-Shipping-and-Services-Management-Software\.next\dev\server\chunks\ssr\node_modules_jose_dist_webapi_0jt9qtq._.js:3336:15)
    at async compactDecrypt (C:\Users\SilverCloud\Documents\Adarsh-Shipping-and-Services-Management-Software\.next\dev\server\chunks\ssr\node_modules_jose_dist_webapi_0jt9qtq._.js:3430:23)
    at async jwtDecrypt (C:\Users\SilverCloud\Documents\Adarsh-Shipping-and-Services-Management-Software\.next\dev\server\chunks\ssr\node_modules_jose_dist_webapi_0jt9qtq._.js:3464:23)
    at async Object.decode (C:\Users\SilverCloud\Documents\Adarsh-Shipping-and-Services-Management-Software\.next\dev\server\chunks\ssr\node_modules_@auth_core_0_a1wyo._.js:905:25)
    at async Module.session (C:\Users\SilverCloud\Documents\Adarsh-Shipping-and-Services-Management-Software\.next\dev\server\chunks\ssr\node_modules_@auth_core_0_a1wyo._.js:4546:29)
    at async AuthInternal (C:\Users\SilverCloud\Documents\Adarsh-Shipping-and-Services-Management-Software\.next\dev\server\chunks\ssr\node_modules_@auth_core_0_a1wyo._.js:5145:24)
    at async Auth (C:\Users\SilverCloud\Documents\Adarsh-Shipping-and-Services-Management-Software\.next\dev\server\chunks\ssr\node_modules_@auth_core_0_a1wyo._.js:5384:34)
[31m[auth][details][0m: {}
[31m[auth][error][0m JWTSessionError: Read more at https://errors.authjs.dev#jwtsessionerror
[31m[auth][cause][0m: Error: no matching decryption secret
    at clockTolerance (C:\Users\SilverCloud\Documents\Adarsh-Shipping-and-Services-Management-Software\.next\dev\server\chunks\ssr\node_modules_@auth_core_0_a1wyo._.js:915:15)
    at async flattenedDecrypt (C:\Users\SilverCloud\Documents\Adarsh-Shipping-and-Services-Management-Software\.next\dev\server\chunks\ssr\node_modules_jose_dist_webapi_0jt9qtq._.js:3336:15)
    at async compactDecrypt (C:\Users\SilverCloud\Documents\Adarsh-Shipping-and-Services-Management-Software\.next\dev\server\chunks\ssr\node_modules_jose_dist_webapi_0jt9qtq._.js:3430:23)
    at async jwtDecrypt (C:\Users\SilverCloud\Documents\Adarsh-Shipping-and-Services-Management-Software\.next\dev\server\chunks\ssr\node_modules_jose_dist_webapi_0jt9qtq._.js:3464:23)
    at async Object.decode (C:\Users\SilverCloud\Documents\Adarsh-Shipping-and-Services-Management-Software\.next\dev\server\chunks\ssr\node_modules_@auth_core_0_a1wyo._.js:905:25)
    at async Module.session (C:\Users\SilverCloud\Documents\Adarsh-Shipping-and-Services-Management-Software\.next\dev\server\chunks\ssr\node_modules_@auth_core_0_a1wyo._.js:4546:29)
    at async AuthInternal (C:\Users\SilverCloud\Documents\Adarsh-Shipping-and-Services-Management-Software\.next\dev\server\chunks\ssr\node_modules_@auth_core_0_a1wyo._.js:5145:24)
    at async Auth (C:\Users\SilverCloud\Documents\Adarsh-Shipping-and-Services-Management-Software\.next\dev\server\chunks\ssr\node_modules_@auth_core_0_a1wyo._.js:5384:34)
[31m[auth][details][0m: {}
[31m[auth][error][0m JWTSessionError: Read more at https://errors.authjs.dev#jwtsessionerror
[31m[auth][cause][0m: Error: no matching decryption secret
    at clockTolerance (C:\Users\SilverCloud\Documents\Adarsh-Shipping-and-Services-Management-Software\.next\dev\server\chunks\ssr\node_modules_@auth_core_0_a1wyo._.js:915:15)
    at async flattenedDecrypt (C:\Users\SilverCloud\Documents\Adarsh-Shipping-and-Services-Management-Software\.next\dev\server\chunks\ssr\node_modules_jose_dist_webapi_0jt9qtq._.js:3336:15)
    at async compactDecrypt (C:\Users\SilverCloud\Documents\Adarsh-Shipping-and-Services-Management-Software\.next\dev\server\chunks\ssr\node_modules_jose_dist_webapi_0jt9qtq._.js:3430:23)
    at async jwtDecrypt (C:\Users\SilverCloud\Documents\Adarsh-Shipping-and-Services-Management-Software\.next\dev\server\chunks\ssr\node_modules_jose_dist_webapi_0jt9qtq._.js:3464:23)
    at async Object.decode (C:\Users\SilverCloud\Documents\Adarsh-Shipping-and-Services-Management-Software\.next\dev\server\chunks\ssr\node_modules_@auth_core_0_a1wyo._.js:905:25)
    at async Module.session (C:\Users\SilverCloud\Documents\Adarsh-Shipping-and-Services-Management-Software\.next\dev\server\chunks\ssr\node_modules_@auth_core_0_a1wyo._.js:4546:29)
    at async AuthInternal (C:\Users\SilverCloud\Documents\Adarsh-Shipping-and-Services-Management-Software\.next\dev\server\chunks\ssr\node_modules_@auth_core_0_a1wyo._.js:5145:24)
    at async Auth (C:\Users\SilverCloud\Documents\Adarsh-Shipping-and-Services-Management-Software\.next\dev\server\chunks\ssr\node_modules_@auth_core_0_a1wyo._.js:5384:34)
[31m[auth][details][0m: {}
[31m[auth][error][0m JWTSessionError: Read more at https://errors.authjs.dev#jwtsessionerror
[31m[auth][cause][0m: Error: no matching decryption secret
    at clockTolerance (C:\Users\SilverCloud\Documents\Adarsh-Shipping-and-Services-Management-Software\.next\dev\server\chunks\ssr\node_modules_@auth_core_0_a1wyo._.js:915:15)
    at async flattenedDecrypt (C:\Users\SilverCloud\Documents\Adarsh-Shipping-and-Services-Management-Software\.next\dev\server\chunks\ssr\node_modules_jose_dist_webapi_0jt9qtq._.js:3336:15)
    at async compactDecrypt (C:\Users\SilverCloud\Documents\Adarsh-Shipping-and-Services-Management-Software\.next\dev\server\chunks\ssr\node_modules_jose_dist_webapi_0jt9qtq._.js:3430:23)
    at async jwtDecrypt (C:\Users\SilverCloud\Documents\Adarsh-Shipping-and-Services-Management-Software\.next\dev\server\chunks\ssr\node_modules_jose_dist_webapi_0jt9qtq._.js:3464:23)
    at async Object.decode (C:\Users\SilverCloud\Documents\Adarsh-Shipping-and-Services-Management-Software\.next\dev\server\chunks\ssr\node_modules_@auth_core_0_a1wyo._.js:905:25)
    at async Module.session (C:\Users\SilverCloud\Documents\Adarsh-Shipping-and-Services-Management-Software\.next\dev\server\chunks\ssr\node_modules_@auth_core_0_a1wyo._.js:4546:29)
    at async AuthInternal (C:\Users\SilverCloud\Documents\Adarsh-Shipping-and-Services-Management-Software\.next\dev\server\chunks\ssr\node_modules_@auth_core_0_a1wyo._.js:5145:24)
    at async Auth (C:\Users\SilverCloud\Documents\Adarsh-Shipping-and-Services-Management-Software\.next\dev\server\chunks\ssr\node_modules_@auth_core_0_a1wyo._.js:5384:34)
[31m[auth][details][0m: {}
[31m[auth][error][0m JWTSessionError: Read more at https://errors.authjs.dev#jwtsessionerror
[31m[auth][cause][0m: Error: no matching decryption secret
    at clockTolerance (C:\Users\SilverCloud\Documents\Adarsh-Shipping-and-Services-Management-Software\.next\dev\server\chunks\ssr\node_modules_@auth_core_0_a1wyo._.js:915:15)
    at async flattenedDecrypt (C:\Users\SilverCloud\Documents\Adarsh-Shipping-and-Services-Management-Software\.next\dev\server\chunks\ssr\node_modules_jose_dist_webapi_0jt9qtq._.js:3336:15)
    at async compactDecrypt (C:\Users\SilverCloud\Documents\Adarsh-Shipping-and-Services-Management-Software\.next\dev\server\chunks\ssr\node_modules_jose_dist_webapi_0jt9qtq._.js:3430:23)
    at async jwtDecrypt (C:\Users\SilverCloud\Documents\Adarsh-Shipping-and-Services-Management-Software\.next\dev\server\chunks\ssr\node_modules_jose_dist_webapi_0jt9qtq._.js:3464:23)
    at async Object.decode (C:\Users\SilverCloud\Documents\Adarsh-Shipping-and-Services-Management-Software\.next\dev\server\chunks\ssr\node_modules_@auth_core_0_a1wyo._.js:905:25)
    at async Module.session (C:\Users\SilverCloud\Documents\Adarsh-Shipping-and-Services-Management-Software\.next\dev\server\chunks\ssr\node_modules_@auth_core_0_a1wyo._.js:4546:29)
    at async AuthInternal (C:\Users\SilverCloud\Documents\Adarsh-Shipping-and-Services-Management-Software\.next\dev\server\chunks\ssr\node_modules_@auth_core_0_a1wyo._.js:5145:24)
    at async Auth (C:\Users\SilverCloud\Documents\Adarsh-Shipping-and-Services-Management-Software\.next\dev\server\chunks\ssr\node_modules_@auth_core_0_a1wyo._.js:5384:34)
[31m[auth][details][0m: {}
[31m[auth][error][0m JWTSessionError: Read more at https://errors.authjs.dev#jwtsessionerror
[31m[auth][cause][0m: Error: no matching decryption secret
    at clockTolerance (C:\Users\SilverCloud\Documents\Adarsh-Shipping-and-Services-Management-Software\.next\dev\server\chunks\ssr\node_modules_@auth_core_0_a1wyo._.js:915:15)
    at async flattenedDecrypt (C:\Users\SilverCloud\Documents\Adarsh-Shipping-and-Services-Management-Software\.next\dev\server\chunks\ssr\node_modules_jose_dist_webapi_0jt9qtq._.js:3336:15)
    at async compactDecrypt (C:\Users\SilverCloud\Documents\Adarsh-Shipping-and-Services-Management-Software\.next\dev\server\chunks\ssr\node_modules_jose_dist_webapi_0jt9qtq._.js:3430:23)
    at async jwtDecrypt (C:\Users\SilverCloud\Documents\Adarsh-Shipping-and-Services-Management-Software\.next\dev\server\chunks\ssr\node_modules_jose_dist_webapi_0jt9qtq._.js:3464:23)
    at async Object.decode (C:\Users\SilverCloud\Documents\Adarsh-Shipping-and-Services-Management-Software\.next\dev\server\chunks\ssr\node_modules_@auth_core_0_a1wyo._.js:905:25)
    at async Module.session (C:\Users\SilverCloud\Documents\Adarsh-Shipping-and-Services-Management-Software\.next\dev\server\chunks\ssr\node_modules_@auth_core_0_a1wyo._.js:4546:29)
    at async AuthInternal (C:\Users\SilverCloud\Documents\Adarsh-Shipping-and-Services-Management-Software\.next\dev\server\chunks\ssr\node_modules_@auth_core_0_a1wyo._.js:5145:24)
    at async Auth (C:\Users\SilverCloud\Documents\Adarsh-Shipping-and-Services-Management-Software\.next\dev\server\chunks\ssr\node_modules_@auth_core_0_a1wyo._.js:5384:34)
[31m[auth][details][0m: {}
[31m[auth][error][0m JWTSessionError: Read more at https://errors.authjs.dev#jwtsessionerror
[31m[auth][cause][0m: Error: no matching decryption secret
    at clockTolerance (C:\Users\SilverCloud\Documents\Adarsh-Shipping-and-Services-Management-Software\.next\dev\server\chunks\ssr\node_modules_@auth_core_0_a1wyo._.js:915:15)
    at async flattenedDecrypt (C:\Users\SilverCloud\Documents\Adarsh-Shipping-and-Services-Management-Software\.next\dev\server\chunks\ssr\node_modules_jose_dist_webapi_0jt9qtq._.js:3336:15)
    at async compactDecrypt (C:\Users\SilverCloud\Documents\Adarsh-Shipping-and-Services-Management-Software\.next\dev\server\chunks\ssr\node_modules_jose_dist_webapi_0jt9qtq._.js:3430:23)
    at async jwtDecrypt (C:\Users\SilverCloud\Documents\Adarsh-Shipping-and-Services-Management-Software\.next\dev\server\chunks\ssr\node_modules_jose_dist_webapi_0jt9qtq._.js:3464:23)
    at async Object.decode (C:\Users\SilverCloud\Documents\Adarsh-Shipping-and-Services-Management-Software\.next\dev\server\chunks\ssr\node_modules_@auth_core_0_a1wyo._.js:905:25)
    at async Module.session (C:\Users\SilverCloud\Documents\Adarsh-Shipping-and-Services-Management-Software\.next\dev\server\chunks\ssr\node_modules_@auth_core_0_a1wyo._.js:4546:29)
    at async AuthInternal (C:\Users\SilverCloud\Documents\Adarsh-Shipping-and-Services-Management-Software\.next\dev\server\chunks\ssr\node_modules_@auth_core_0_a1wyo._.js:5145:24)
    at async Auth (C:\Users\SilverCloud\Documents\Adarsh-Shipping-and-Services-Management-Software\.next\dev\server\chunks\ssr\node_modules_@auth_core_0_a1wyo._.js:5384:34)
[31m[auth][details][0m: {}
[31m[auth][error][0m JWTSessionError: Read more at https://errors.authjs.dev#jwtsessionerror
[31m[auth][cause][0m: Error: no matching decryption secret
    at clockTolerance (C:\Users\SilverCloud\Documents\Adarsh-Shipping-and-Services-Management-Software\.next\dev\server\chunks\ssr\node_modules_@auth_core_0_a1wyo._.js:915:15)
    at async flattenedDecrypt (C:\Users\SilverCloud\Documents\Adarsh-Shipping-and-Services-Management-Software\.next\dev\server\chunks\ssr\node_modules_jose_dist_webapi_0jt9qtq._.js:3336:15)
    at async compactDecrypt (C:\Users\SilverCloud\Documents\Adarsh-Shipping-and-Services-Management-Software\.next\dev\server\chunks\ssr\node_modules_jose_dist_webapi_0jt9qtq._.js:3430:23)
    at async jwtDecrypt (C:\Users\SilverCloud\Documents\Adarsh-Shipping-and-Services-Management-Software\.next\dev\server\chunks\ssr\node_modules_jose_dist_webapi_0jt9qtq._.js:3464:23)
    at async Object.decode (C:\Users\SilverCloud\Documents\Adarsh-Shipping-and-Services-Management-Software\.next\dev\server\chunks\ssr\node_modules_@auth_core_0_a1wyo._.js:905:25)
    at async Module.session (C:\Users\SilverCloud\Documents\Adarsh-Shipping-and-Services-Management-Software\.next\dev\server\chunks\ssr\node_modules_@auth_core_0_a1wyo._.js:4546:29)
    at async AuthInternal (C:\Users\SilverCloud\Documents\Adarsh-Shipping-and-Services-Management-Software\.next\dev\server\chunks\ssr\node_modules_@auth_core_0_a1wyo._.js:5145:24)
    at async Auth (C:\Users\SilverCloud\Documents\Adarsh-Shipping-and-Services-Management-Software\.next\dev\server\chunks\ssr\node_modules_@auth_core_0_a1wyo._.js:5384:34)
[31m[auth][details][0m: {}
[31m[auth][error][0m JWTSessionError: Read more at https://errors.authjs.dev#jwtsessionerror
[31m[auth][cause][0m: Error: no matching decryption secret
    at clockTolerance (C:\Users\SilverCloud\Documents\Adarsh-Shipping-and-Services-Management-Software\.next\dev\server\chunks\ssr\node_modules_@auth_core_0_a1wyo._.js:915:15)
    at async flattenedDecrypt (C:\Users\SilverCloud\Documents\Adarsh-Shipping-and-Services-Management-Software\.next\dev\server\chunks\ssr\node_modules_jose_dist_webapi_0jt9qtq._.js:3336:15)
    at async compactDecrypt (C:\Users\SilverCloud\Documents\Adarsh-Shipping-and-Services-Management-Software\.next\dev\server\chunks\ssr\node_modules_jose_dist_webapi_0jt9qtq._.js:3430:23)
    at async jwtDecrypt (C:\Users\SilverCloud\Documents\Adarsh-Shipping-and-Services-Management-Software\.next\dev\server\chunks\ssr\node_modules_jose_dist_webapi_0jt9qtq._.js:3464:23)
    at async Object.decode (C:\Users\SilverCloud\Documents\Adarsh-Shipping-and-Services-Management-Software\.next\dev\server\chunks\ssr\node_modules_@auth_core_0_a1wyo._.js:905:25)
    at async Module.session (C:\Users\SilverCloud\Documents\Adarsh-Shipping-and-Services-Management-Software\.next\dev\server\chunks\ssr\node_modules_@auth_core_0_a1wyo._.js:4546:29)
    at async AuthInternal (C:\Users\SilverCloud\Documents\Adarsh-Shipping-and-Services-Management-Software\.next\dev\server\chunks\ssr\node_modules_@auth_core_0_a1wyo._.js:5145:24)
    at async Auth (C:\Users\SilverCloud\Documents\Adarsh-Shipping-and-Services-Management-Software\.next\dev\server\chunks\ssr\node_modules_@auth_core_0_a1wyo._.js:5384:34)
[31m[auth][details][0m: {}
